548751.260644;4174957.488374;300
552671.014077;4174061.425562;300
553936.368175;4174223.336025;300
546475.811175;4182035.406412;300
546034.227480;4179912.854370;300
553530.983450;4181784.207800;300
553394.931300;4181919.520800;300
553133.090883;4182195.952217;300
553254.317450;4182052.837050;300
552951.152600;4182291.835560;300
553658.731300;4181660.382133;300
553745.307525;4180788.319900;300
552209.483450;4175641.795183;300
549384.431600;4176044.838200;300
552662.010340;4184097.514860;300
547389.932400;4181246.013800;300
547201.262025;4181224.875675;300
547012.530600;4181221.993250;300
546824.841450;4181210.050700;300
546636.183650;4181197.996000;300
546476.845267;4181181.857867;300
546155.859400;4181168.439800;300
545967.199400;4181156.511350;300
545778.495400;4181144.476100;300
545590.185400;4181132.780150;300
545400.622175;4181120.693375;300
545118.618800;4181103.000200;300
544918.334900;4181090.421950;300
544526.307750;4181065.326300;300
544269.016300;4181049.460150;300
543987.514100;4181031.974900;300
543703.946600;4181013.489800;300
547681.356375;4181243.701475;300
543127.349350;4180974.945950;300
548835.003833;4184191.020200;300
548902.601300;4183795.742750;300
553005.254525;4183698.845675;300
552490.980350;4183544.235450;300
549607.818250;4183163.838775;300
552086.392914;4183404.137286;300
548994.855100;4184168.342671;300
549986.409733;4184351.050600;300
551589.257167;4184544.536633;300
550852.475850;4184440.165100;300
551905.262700;4184642.055933;300
550074.587400;4176758.928100;300
553855.462857;4179424.150557;300
553879.910183;4179145.203250;300
553965.949918;4178850.259245;300
553960.722767;4178568.106467;300
553948.165100;4178294.985550;300
553622.959729;4176285.628457;300
553448.944375;4181483.793600;300
553381.599600;4175529.990480;300
554006.564275;4177802.317450;300
553913.917889;4177446.292900;300
552931.994567;4182018.350867;300
553238.236392;4175210.372317;300
552784.414300;4182118.020400;300
553205.887150;4175029.966450;300
553755.821437;4176881.124050;300
552657.694220;4182267.451980;300
553680.768870;4176502.550480;300
553051.541267;4181864.709033;300
553558.566150;4176094.069400;300
553517.185287;4175949.159450;300
553476.311150;4175800.619300;300
553134.031850;4181397.292000;300
552751.660350;4181794.434850;300
552461.933500;4182061.259050;300
553330.261622;4181207.744061;300
552957.312500;4181187.393850;300
552537.857933;4181615.615633;300
552659.732600;4181469.490933;300
552416.830750;4181721.508100;300
552245.689467;4181863.754533;300
553086.344033;4181064.843600;300
547187.899200;4181439.853300;300
547067.030100;4181871.501878;300
547214.738080;4180845.821980;300
547175.594150;4181643.214675;300
552458.830500;4181266.198750;300
547244.948750;4178954.343550;300
552144.385950;4181210.777700;300
552270.810900;4181085.258150;300
551878.609667;4181476.923300;300
551727.410360;4181640.202410;300
552682.073967;4180665.920800;300
546946.125325;4182056.755875;300
547037.126825;4180816.518475;300
552351.252950;4180622.426100;300
552215.409250;4180731.962850;300
551971.991900;4181008.695350;300
552096.418850;4180871.898750;300
551809.703750;4181144.867250;300
551683.646200;4181278.606667;300
551535.113225;4181430.694912;300
552525.518075;4180465.315300;300
547012.653867;4179767.646150;300
547006.252040;4179556.315540;300
547028.384533;4179359.782367;300
547041.928160;4179151.631680;300
546994.357660;4179973.850480;300
547057.290800;4178943.339800;300
547070.105350;4178735.543850;300
547035.513700;4178525.924075;300
555058.362767;4186404.143267;300
555444.631150;4186609.380400;300
547001.508800;4178298.056100;300
551607.096025;4180664.525300;300
551745.821750;4180526.176500;300
551470.644650;4180799.062700;300
551328.837925;4180931.599475;300
551152.302553;4181029.685053;300
555268.427150;4186957.315450;300
546658.582850;4177660.963050;300
546624.687925;4177453.929200;300
546635.858875;4177270.255925;300
549514.464060;4180108.394240;300
550288.477592;4180176.830133;300
549697.873475;4180160.459100;300
549901.525000;4180165.296050;300
550097.303850;4180182.905150;300
546450.685850;4178672.226900;300
546461.841700;4178490.328300;300
546473.579250;4178283.468750;300
546659.147150;4176704.671500;300
546356.602450;4179102.912750;300
546430.225933;4179228.721867;300
546369.048367;4178933.984067;300
551941.374075;4179963.152625;300
550327.304850;4179839.242475;300
550524.139400;4179858.199550;300
550723.105200;4179874.234200;300
551689.257100;4179953.855900;300
551117.550487;4179921.316625;300
552165.068120;4180009.845960;300
551479.678660;4179942.402740;300
550917.839750;4179890.691325;300
546356.721450;4177859.806150;300
546374.434150;4177663.243400;300
550337.561600;4179652.571000;300
548525.644833;4179489.585833;300
549740.127270;4179612.839100;300
552878.651100;4179907.035750;300
550362.068400;4179487.234150;300
553073.211667;4179639.926433;300
549766.399350;4179431.079225;300
549503.904850;4179438.152600;300
550551.518700;4179501.542050;300
550752.343050;4179517.533200;300
549244.008550;4179393.767650;300
551136.061633;4179578.377667;300
549960.323250;4179452.446000;300
553434.010200;4179668.739050;300
550156.084350;4179468.502800;300
553262.734650;4179654.426700;300
550947.720325;4179534.688300;300
546049.787750;4179710.153850;300
546486.271800;4174576.512333;300
546065.266171;4179498.353343;300
546082.349650;4179321.448400;300
546098.585800;4179080.162750;300
546109.021200;4178883.891350;300
546123.088400;4178652.634900;300
546307.146880;4176237.134480;300
546134.230900;4178471.845400;300
546148.302400;4178240.034450;300
546160.413750;4178043.717225;300
546720.823040;4174264.883120;300
546173.524700;4177826.324750;300
546256.585640;4176503.955860;300
546183.654450;4177669.384550;300
546197.624140;4177443.564720;300
546206.258250;4177251.777300;300
546220.894900;4176998.334400;300
546232.494100;4176815.328900;300
546199.947970;4175629.894500;300
546177.123400;4176011.007200;300
546198.381550;4175857.791100;300
552980.618100;4179341.087133;300
549516.501800;4179056.827700;300
552614.324512;4179311.090300;300
553187.767800;4179365.490575;300
545750.636633;4179484.475317;300
545812.893600;4179902.408100;300
552826.167800;4179105.543718;300
553575.538750;4179109.951450;300
553728.741150;4179121.433900;300
553423.149300;4179095.315050;300
545650.814800;4179888.601067;300
545730.182300;4178654.329150;300
549580.440067;4178532.090967;300
552438.229100;4178732.477900;300
552972.491100;4178778.130100;300
552050.872475;4178552.238425;300
550439.370350;4178420.865775;300
549658.649150;4178356.211425;300
550627.948350;4178437.749300;300
549468.906950;4178349.273400;300
551612.422420;4178523.607340;300
550840.338800;4178453.813200;300
551806.877550;4178533.337250;300
549285.565950;4178336.247850;300
550049.469967;4178385.508667;300
552276.342433;4178591.111967;300
550243.072300;4178405.770200;300
551426.541800;4178502.080175;300
551040.833175;4178470.252675;300
545387.789800;4181327.826200;300
545346.866275;4181962.692500;300
545413.407950;4180914.115100;300
545382.782220;4181758.693540;300
545324.175400;4182357.503000;300
545427.913025;4180703.302525;300
545374.877750;4181541.532575;300
545334.883050;4182171.938400;300
553168.756260;4178467.924860;300
553318.934667;4178528.425100;300
552295.170267;4178402.888033;300
552994.931267;4178459.800717;300
549891.067233;4178022.213700;300
552772.532240;4178332.856340;300
551644.617122;4178079.759500;300
550065.269750;4178032.330800;300
551456.218450;4178094.651250;300
545232.862950;4176965.950800;300
545130.174100;4177786.153000;300
545142.762950;4177578.742200;300
545154.731425;4177372.077025;300
545171.408700;4177174.480300;300
550533.709050;4177394.019942;300
550726.696050;4177372.320750;300
550925.367840;4177392.851040;300
550140.246800;4177336.336050;300
550324.373150;4177339.676650;300
544688.230800;4181907.165950;300
544667.557110;4181715.140200;300
544639.030980;4181494.822350;300
544657.519675;4181282.088425;300
544643.771950;4181084.824000;300
544475.590800;4179823.609700;300
544266.687000;4177932.976450;300
544279.836300;4177748.368200;300
543662.760600;4181694.480000;300
543514.807550;4180991.074600;300
543527.014100;4180806.015800;300
543506.620750;4179556.035750;300
543518.396583;4179349.931150;300
543531.261650;4179143.370100;300
543544.603650;4178935.572700;300
543493.879150;4179750.522350;300
543556.967050;4178729.711800;300
543586.672886;4178516.691571;300
543581.622650;4178315.049750;300
543593.899450;4178109.188650;300
543611.461733;4177903.540533;300
543615.049367;4177691.642233;300
543632.862650;4177488.732400;300
543654.246650;4177281.366500;300
543657.524650;4177074.071300;300
543642.780100;4176868.862900;300
543608.843680;4176609.160960;300
543174.525300;4181480.190900;300
549710.948600;4177137.350967;300
549860.793633;4177127.900033;300
551671.744050;4176402.135050;300
546969.871667;4173979.002383;300
551424.715550;4176336.516525;300
549145.727900;4174635.874000;300
547425.646267;4173910.173800;300
546768.611850;4173807.623350;300
547155.453800;4173966.875600;300
547862.670925;4183955.143425;300
545553.832500;4174910.731950;300
547621.694400;4182168.315175;300
547624.610783;4181919.076250;300
547707.957800;4180918.393933;300
547658.114650;4181683.689250;300
552986.385833;4178900.638300;300
552416.889367;4174090.029967;300
548795.095975;4179859.179550;300
548718.036950;4179663.474400;300
548751.335375;4180131.920025;300
548722.619367;4180370.640967;300
550478.568000;4175018.957209;300
550507.293650;4175237.133900;300
554957.652050;4186506.528450;300
555632.312300;4186271.401650;300
555773.730500;4186027.906233;300
550776.304100;4175453.477825;300
552510.867071;4175765.554971;300
546546.811000;4174844.080067;300
551967.855071;4177352.976586;300
552806.792600;4174064.887567;300
549335.959250;4176554.041350;300
549868.274950;4176429.665450;300
549710.578800;4176438.458950;300
550503.423760;4176410.610640;300
550276.155150;4176389.350550;300
545562.237500;4182467.273200;300
545693.012967;4182887.177167;300
548923.248333;4178126.257167;300
548891.001067;4178002.908467;300
547679.412200;4174129.266950;300
547378.100600;4174136.574750;300
547940.229185;4174282.631954;300
552925.308000;4176228.415133;300
553075.513550;4176389.966350;300
552625.725650;4181147.766100;300
552408.998700;4180968.710167;300
551940.748825;4179747.954325;300
551957.208700;4179547.232300;300
551969.121450;4179404.177400;300
551987.619950;4179264.492750;300
552009.996050;4179068.801150;300
552019.848050;4178903.542750;300
552038.681050;4178711.157550;300
552065.025750;4178375.690150;300
552080.245750;4178197.706200;300
551900.807267;4180390.493533;300
550236.238700;4175173.345950;300
552363.053900;4176531.316400;300
552243.424025;4177021.594550;300
552542.155350;4177886.250750;300
552533.107775;4173902.898075;300
552429.519850;4177456.033800;300
552463.955720;4176369.455680;300
552441.788500;4173694.794538;300
549858.581200;4184346.872400;300
545929.916950;4175532.702100;300
545819.506350;4175657.463400;300
545924.430075;4175782.257025;300
541947.414167;4187223.820167;300
541602.892000;4187339.475750;300
543226.439750;4187398.836150;300
542664.399450;4187261.091950;300
552883.215160;4182808.978000;300
549401.344225;4180258.256400;300
547334.586750;4182126.272750;300
547141.650460;4182080.884760;300
546751.205050;4182049.988200;300
546196.289350;4182014.846400;300
545913.458850;4181997.231850;300
545631.955100;4181978.358400;300
545060.742300;4181942.925550;300
544881.612150;4181930.463700;300
548999.145800;4182403.795950;300
547855.223775;4182235.769425;300
549253.364475;4182446.837175;300
549809.167725;4182567.958333;300
552303.203250;4182952.541800;300
551585.206300;4182833.506500;300
551152.845300;4182761.295950;300
548418.616050;4182304.775300;300
551861.481100;4182879.624050;300
552589.791333;4182965.814500;300
549558.874450;4182496.741150;300
548129.140050;4182258.807750;300
552162.996350;4182929.960600;300
551729.890950;4182858.602450;300
555463.227900;4185855.119850;300
546213.308450;4174820.977225;300
548428.422991;4179908.758291;300
547866.704800;4179877.228350;300
548198.982500;4179896.011650;300
554317.810750;4176685.977150;300
547149.446900;4181026.648600;300
543339.944350;4180782.672650;300
543158.350440;4180778.057800;300
551833.005800;4178053.351367;300
549918.874350;4183913.131200;300
549049.566350;4183776.312850;300
549603.864340;4183870.939160;300
550496.693250;4184009.580550;300
550360.134825;4183932.546100;300
550065.843367;4183900.413733;300
550208.269800;4183961.326050;300
549352.215750;4183762.977125;300
549195.876100;4183792.997100;300
550633.674400;4184044.684860;300
549777.559033;4183886.367500;300
549821.319329;4173762.547029;300
550023.628550;4173761.408550;300
550037.708950;4176519.656900;300
550314.046150;4176721.607200;300
550413.558050;4176803.210300;300
550202.711450;4176627.728700;300
546436.902867;4174291.385050;300
550413.135900;4178752.759750;300
550482.000750;4177886.306000;300
550460.767600;4178152.684800;300
550250.925789;4180406.881389;300
549583.844550;4176170.689300;300
550681.443233;4182886.605867;300
552285.315000;4183107.264650;300
551262.011260;4182964.820920;300
551550.458167;4183032.358767;300
552423.308467;4183161.215467;300
551097.477767;4182957.266433;300
551391.039244;4183126.930311;300
552559.721700;4183138.304200;300
550983.824300;4182883.378450;300
552148.646375;4183082.514800;300
547949.095900;4178591.711900;300
547904.899650;4178389.965350;300
547351.063850;4181879.441900;300
546785.484750;4181844.032750;300
546575.978950;4181830.640250;300
546371.408300;4181816.467333;300
546043.843200;4181797.690500;300
545834.332300;4181784.871650;300
545644.190250;4181772.720250;300
545171.911950;4181742.932650;300
544983.089050;4181730.803800;300
548754.679700;4179432.687467;300
548633.666817;4180016.859983;300
548802.312950;4179194.531950;300
548944.545180;4179117.309040;300
546327.397650;4174585.567600;300
546320.611500;4174428.440833;300
548491.451950;4179684.383950;300
551276.512000;4184428.816550;300
552273.933243;4183512.064486;300
552046.024275;4183706.010125;300
552443.070950;4183353.005600;300
551694.361300;4184003.628733;300
553134.515475;4178747.689950;300
553046.948350;4179897.521400;300
553105.459267;4179501.885900;300
553153.423275;4178192.517000;300
545427.634750;4187021.260200;300
545458.196267;4187414.721967;300
551412.275450;4177024.623700;300
551121.549250;4177102.961867;300
551986.881000;4177104.339400;300
551657.494038;4176989.056137;300
550863.811550;4177237.081650;300
551832.897925;4177112.690300;300
549070.581500;4179524.434200;300
549065.605850;4178673.396900;300
549039.153250;4178450.409700;300
548954.842675;4179430.961575;300
549033.559600;4178936.607900;300
549253.179033;4179527.261833;300
549081.795700;4178824.610850;300
550911.894100;4176588.138150;300
551162.473080;4176590.731760;300
551606.491918;4176576.285909;300
551878.503500;4176572.081150;300
548788.581850;4178266.220950;300
548790.797000;4178450.137900;300
544648.112350;4180657.737150;300
544366.102167;4180636.797000;300
544024.474267;4180619.800633;300
543736.818450;4180598.703875;300
543446.778100;4180581.413950;300
548463.807200;4181037.125000;300
543153.329867;4180574.176133;300
548746.836020;4181082.754660;300
548179.337600;4180988.375067;300
548022.944600;4180960.204300;300
547863.682850;4183578.712400;300
551553.621000;4181760.773400;300
551038.575960;4181584.610480;300
547277.591150;4174872.328800;300
546723.081000;4174843.818600;300
546881.535650;4174845.715700;300
547119.743300;4174849.124850;300
547459.077600;4181671.583200;300
546892.466600;4181637.104100;300
546608.442800;4181618.127600;300
546129.199800;4181588.578650;300
545845.649650;4181571.018100;300
545092.898350;4181522.092700;300
544903.183900;4181511.014950;300
544337.130000;4181475.993800;300
544007.712300;4181454.754900;300
543775.468725;4181467.053250;300
549068.882600;4181872.190350;300
548435.496050;4181785.336500;300
547898.471600;4181699.979250;300
549357.793575;4181918.437000;300
549934.039950;4181993.392967;300
550655.320867;4182176.008633;300
551670.286033;4182355.107500;300
551528.806300;4182338.243450;300
550403.812625;4182158.497125;300
551939.332200;4182367.784800;300
549721.252300;4179971.702600;300
549733.532600;4179805.014250;300
549780.619850;4179256.968900;300
549794.620000;4179082.968350;300
549809.663800;4178896.713850;300
549823.884000;4178730.204050;300
549849.847350;4178406.434250;300
549867.640350;4178195.676050;300
549687.306400;4180342.635850;300
548339.586133;4178111.571333;300
554333.788033;4177568.866233;300
550449.650500;4180357.088150;300
553232.654500;4178665.523900;300
552629.262280;4180035.809720;300
552705.884950;4179885.457850;300
549629.803183;4176941.401017;300
549730.552880;4177308.358360;300
549290.729400;4177696.026833;300
549541.343400;4177517.452500;300
549712.580500;4177685.133875;300
549727.715450;4177469.144850;300
549826.389740;4176962.542860;300
549694.917650;4177904.047950;300
549679.653300;4178090.578400;300
549837.081850;4176692.082950;300
549809.995850;4176821.844750;300
549005.947600;4183982.482150;300
549295.026700;4182290.281650;300
549234.788450;4182659.784250;300
549414.302733;4181609.521333;300
549386.931700;4181743.832500;300
549478.152650;4181195.882650;300
549578.876975;4180581.724575;300
549552.802617;4181005.825017;300
549209.387267;4182841.170700;300
549455.023560;4181309.260000;300
549545.138250;4180791.472650;300
549378.447200;4182145.414383;300
552219.285900;4174638.104175;300
555522.078200;4175956.042100;300
549890.214625;4180360.394125;300
549048.720800;4177735.636000;300
548422.200650;4182047.107650;300
548267.471600;4182004.037000;300
547830.400500;4181980.405500;300
548739.794714;4182128.740971;300
548066.976300;4181994.265425;300
550276.799950;4181763.974150;300
549985.916100;4181727.031150;300
550699.762200;4181834.803850;300
551443.043867;4181890.193467;300
551732.236700;4181952.734000;300
551305.578360;4181876.679780;300
551587.482650;4181929.135750;300
550433.561500;4181790.673950;300
549698.952950;4181667.487600;300
551151.122367;4181876.392000;300
549553.748700;4181643.867100;300
551007.549267;4181855.992067;300
551562.588500;4182149.870400;300
551776.475667;4182187.901433;300
552229.614157;4184563.566586;300
553880.661950;4182058.992150;300
552515.000667;4184360.550467;300
553713.191020;4182772.410840;300
552896.031800;4183898.665250;300
553601.426600;4182963.234080;300
553193.287350;4183482.246067;300
549521.615350;4178880.166000;300
549536.777650;4178702.510750;300
546540.318600;4176129.016414;300
554524.168825;4176990.824525;300
554681.387925;4176824.242100;300
554215.354840;4177242.711560;300
554027.602000;4177331.207600;300
553205.293450;4177950.029800;300
554384.602425;4177130.398025;300
553697.936300;4177602.499300;300
553398.942800;4177814.032150;300
549914.722533;4175597.895700;300
547671.591071;4177996.610443;300
551425.059400;4175680.510150;300
551232.459250;4175616.623800;300
551079.006200;4175563.524650;300
550928.896800;4175518.104850;300
551615.176275;4175683.084150;300
541852.057050;4187107.296050;300
549588.389850;4184090.378825;300
549756.471600;4183107.622650;300
549557.332100;4184266.275300;300
550013.582800;4181561.379250;300
550158.180240;4180681.056140;300
549782.255575;4182920.627575;300
549650.255750;4183744.077025;300
550091.719467;4181407.703250;300
550123.406050;4180894.329650;300
549915.951925;4182224.454825;300
549696.714200;4183456.876475;300
553777.604700;4174875.508450;300
553618.924700;4174996.357950;300
553453.665400;4175113.173550;300
548562.970900;4176342.140150;300
548569.273725;4176173.363550;300
548569.280300;4176475.319900;300
553402.958640;4182491.630920;300
551470.015350;4180286.564350;300
551527.184800;4179574.101300;300
551555.968950;4179225.222075;300
551583.857300;4178872.010350;300
551627.839800;4178340.653250;300
551664.928300;4177904.950600;300
551679.339200;4177714.201600;300
551678.359350;4176816.030750;300
545575.809350;4175120.495975;300
546191.236400;4174515.478400;300
546070.953600;4174610.982500;300
545842.974600;4174832.965767;300
545733.250700;4174954.329550;300
549120.621100;4178308.616433;300
547755.140900;4179992.859400;300
548169.712000;4180041.373450;300
548018.490900;4180009.313050;300
553133.023643;4182659.888571;300
547413.704150;4180864.584150;300
546851.767550;4180795.906800;300
546660.270200;4180785.943650;300
546274.669750;4180759.358900;300
546084.960733;4180744.352333;300
545899.619750;4180735.624900;300
545709.450500;4180724.026950;300
545151.580367;4180691.510933;300
544938.306025;4180674.376975;300
548725.380029;4181813.802443;300
546450.332600;4181609.467580;300
549511.943700;4181969.319100;300
548152.658000;4181738.076050;300
552249.274800;4182425.111950;300
550086.210900;4182064.828100;300
546176.143750;4184490.979675;300
543123.631000;4180145.839000;300
543422.423750;4177681.009900;300
549905.599950;4176282.860700;300
548351.043075;4176165.896025;300
550395.026300;4173993.781900;300
550569.643000;4173902.167667;300
550736.087950;4173787.835450;300
551272.143800;4173554.818650;300
549032.508333;4174768.195133;300
550905.375640;4173685.980560;300
548884.828600;4174913.479900;300
552471.974050;4182658.533350;300
545381.654450;4173678.003400;300
545372.268100;4174289.884200;300
545382.226450;4175337.337500;300
545378.867000;4174714.161000;300
545357.914000;4173915.918500;300
545262.639050;4175931.158200;300
551370.369450;4181435.365900;300
551256.272000;4182130.112800;300
547236.406225;4179161.442725;300
546859.016800;4179133.880300;300
546680.246950;4179125.099150;300
544058.270350;4182078.354600;300
548411.904500;4183558.174950;300
547826.630200;4177698.166950;300
547465.119900;4178329.005100;300
548477.566125;4175103.995400;300
549549.375800;4174338.217450;300
549939.396150;4174138.024775;300
549683.428950;4174229.735450;300
549325.523514;4174486.987129;300
550060.658433;4174038.643333;300
551510.665000;4173471.702100;300
551118.683380;4173624.854400;300
548650.492967;4177832.394233;300
550482.707750;4182762.291000;300
547883.307357;4174891.600000;300
547482.895450;4174888.374950;300
545816.063733;4174287.897433;300
549564.278457;4183377.055129;300
550784.245600;4181265.300550;300
550526.455933;4181215.727667;300
551082.989025;4181343.484075;300
549240.614150;4178671.777600;300
548119.989800;4176743.909250;300
549107.439650;4178087.344475;300
551515.564350;4174003.888050;300
551574.192333;4174172.448783;300
549283.679650;4180536.986650;300
550446.392350;4180730.925400;300
549033.139500;4180494.882900;300
548565.698300;4180417.886450;300
550882.874960;4180818.511560;300
550589.024033;4180759.834333;300
548845.487417;4180466.788033;300
550719.756867;4180844.888867;300
549869.571900;4180634.989200;300
548159.784975;4180300.612025;300
553487.060200;4182296.309200;300
553834.060880;4182644.204720;300
548739.509783;4180875.188667;300
549195.313250;4180947.262250;300
549341.627900;4180971.493000;300
550308.749300;4181132.400850;300
548929.042600;4180901.461500;300
548497.178500;4180828.840700;300
548351.071350;4180805.957650;300
551394.093020;4181293.016180;300
549074.958900;4180926.295350;300
549849.793300;4181058.045200;300
548209.000367;4180780.511900;300
548072.893125;4180754.206600;300
544127.401650;4176129.380450;300
548041.141575;4183876.491200;300
548026.315550;4184178.586100;300
556037.345050;4184974.419500;300
552165.237150;4175484.886600;300
546488.873133;4175053.451967;300
546262.059800;4175015.171360;300
548344.202667;4174847.866500;300
548417.208900;4174947.781400;300
553859.626767;4177143.762367;300
554263.188750;4176885.334000;300
554062.207100;4177032.137100;300
554402.730325;4176405.796825;300
553434.361589;4182785.750256;300
551005.839909;4184460.965055;300
551077.029800;4184102.591200;300
551110.730267;4183897.535517;300
551156.654337;4183621.795000;300
551219.608314;4183237.085143;300
551404.509240;4181633.354120;300
552566.132900;4177020.247100;300
552795.817700;4177086.011600;300
555338.414000;4176030.201100;300
555153.698333;4176121.518000;300
555006.878750;4176263.593950;300
554878.198850;4176353.164100;300
554669.871300;4176506.145012;300
554531.287633;4176139.460367;300
554225.409450;4175863.204200;300
554135.521600;4175728.915200;300
554043.611350;4175600.217100;300
547708.791300;4179813.735250;300
547479.084700;4179796.764150;300
547195.956250;4179779.715250;300
544475.886850;4174442.463950;300
544373.544200;4174477.916750;300
544268.420400;4174522.675800;300
544068.460700;4174741.122300;300
546568.573667;4174225.574500;300
546612.910200;4173860.998050;300
546556.725008;4176516.704433;300
548926.801500;4182797.749350;300
551508.090167;4183297.680433;300
551077.974633;4183224.544267;300
550925.940992;4183234.198367;300
548649.419667;4182752.334333;300
549355.881800;4182868.935450;300
549640.963700;4182887.070767;300
551652.333833;4183321.625833;300
550789.415187;4183164.595725;300
549914.575067;4182967.095533;300
545950.491900;4174696.908533;300
548355.570150;4175818.226450;300
551706.982720;4184684.042540;300
553627.105550;4177120.444750;300
553485.152350;4177229.977050;300
553319.913200;4177350.789400;300
553138.435850;4177476.437700;300
551636.047667;4182497.801300;300
547189.296500;4179573.749350;300
546695.573080;4179541.967340;300
546396.375675;4179525.171225;300
545496.655167;4179466.685100;300
545217.662825;4179451.798350;300
544956.004900;4179436.081750;300
544651.771600;4179417.673950;300
544106.620050;4179383.644025;300
543802.602425;4179365.490725;300
543285.018325;4179335.170712;300
544411.168700;4179401.944540;300
552659.484667;4178733.666400;300
552693.015850;4178467.721750;300
552523.674625;4179725.131675;300
553734.372750;4181546.398300;300
553028.089175;4180802.173200;300
554705.285250;4176190.356300;300
547946.426750;4177492.898450;300
547244.531200;4178742.866000;300
546731.201750;4183913.606700;300
546463.171450;4184513.954050;300
549054.277300;4183658.009000;300
552109.876250;4184171.700900;300
552239.071233;4184134.351767;300
548671.597950;4183600.315650;300
554160.274680;4176377.533720;300
548213.448250;4183672.697417;300
547369.479350;4180001.506550;300
547181.801350;4179990.499450;300
546786.065850;4179966.329750;300
546404.283300;4179943.200750;300
546211.016300;4179931.074800;300
545476.022900;4179885.378500;300
545287.327500;4179874.409050;300
545052.275350;4179860.139150;300
544721.294050;4179839.418800;300
546597.068750;4179954.718300;300
543174.955150;4179747.125400;300
552509.924717;4174997.567667;300
552087.953650;4174855.684650;300
552261.210650;4174914.087000;300
551613.981900;4174697.428850;300
551229.438350;4174775.861950;300
552773.253750;4175086.160100;300
551882.462400;4174786.154400;300
551749.013425;4183636.843450;300
551723.423525;4183789.632850;300
547340.806500;4184091.398650;300
546947.299700;4184151.000500;300
547782.145650;4184187.095150;300
550601.924250;4181498.456650;300
549166.575950;4181261.531850;300
549311.744000;4181285.145100;300
548888.091533;4181200.440200;300
550751.570200;4181522.973633;300
550473.472500;4181478.584400;300
549749.434700;4181357.677900;300
551175.083800;4181591.537850;300
546921.744800;4183946.922850;300
546133.066450;4184182.343950;300
555949.697375;4185115.845825;300
555478.078450;4185134.509700;300
555366.739325;4185269.707475;300
549367.919150;4176182.985950;300
549167.017050;4176180.843050;300
548967.172350;4176178.711400;300
548765.307100;4176175.518550;300
547436.019200;4175997.900750;300
547803.489800;4176111.750367;300
548183.476450;4176170.601900;300
547207.494400;4176233.139350;300
547958.501400;4176148.487500;300
548353.871950;4176885.881325;300
550728.992833;4184357.259767;300
550599.523063;4184308.054212;300
549798.282650;4174433.414400;300
549535.273360;4173969.472620;300
553549.014460;4176658.615490;300
543796.033500;4187767.053550;300
544531.403400;4187484.495950;300
554288.253200;4177428.062050;300
547457.136000;4176861.283950;300
547573.286100;4177026.328550;300
547643.884550;4177121.766550;300
547520.919150;4176595.477250;300
553234.733417;4179123.369183;300
553225.685550;4178857.983500;300
552825.313433;4182459.448167;300
552068.378300;4181678.244700;300
551539.817300;4181145.115800;300
551076.923900;4180521.447400;300
551089.400533;4180256.420000;300
551163.442033;4179329.975333;300
551179.512100;4179106.319400;300
551194.970400;4178886.728033;300
551216.172500;4178664.398650;300
551228.311700;4178497.156700;300
551038.119567;4177613.493767;300
549123.518100;4174295.119250;300
550736.762950;4177067.900463;300
547880.126300;4173488.407250;300
548944.973850;4174082.140600;300
550744.194300;4176819.550700;300
549426.668200;4174775.132200;300
548437.556650;4173732.978400;300
548815.523100;4173937.728500;300
549590.090000;4175050.774550;300
549733.352940;4175304.663290;300
551188.724150;4177906.418600;300
550709.702900;4176670.587967;300
547506.632233;4173341.495233;300
550114.915800;4175870.010560;300
551191.975050;4180800.765725;300
550267.374867;4176104.574367;300
548619.497500;4173821.699650;300
555920.522067;4175873.224667;300
547628.337325;4183527.445875;300
547513.766000;4183593.494250;300
552532.606775;4182422.560000;300
552349.366720;4182265.774380;300
550106.946500;4179993.478040;300
549916.978367;4179795.250167;300
550656.405600;4180536.769850;300
552772.789000;4182733.730300;300
550316.094240;4174891.547600;300
548895.769700;4180156.547550;300
548713.901450;4181278.813500;300
548818.619150;4180646.058200;300
548686.564825;4181404.112075;300
547621.851350;4183781.075200;300
553152.104109;4183059.144700;300
550093.049950;4177853.643700;300
550106.869450;4177681.750850;300
550121.190650;4177499.875450;300
545523.898167;4178643.497633;300
545315.362550;4178628.183750;300
544957.431833;4178610.579667;300
544729.736767;4178589.369633;300
544183.776150;4178559.131150;300
543994.080350;4178548.130900;300
544465.561975;4178576.401375;300
552580.314700;4177345.707750;300
554511.278600;4175931.271750;300
554656.699600;4175829.158150;300
554369.629267;4176012.091300;300
548191.479264;4175273.556673;300
546900.325833;4175809.178767;300
548721.775650;4175220.352050;300
549474.028700;4175299.110100;300
546997.737600;4175684.468567;300
547474.204667;4175433.893233;300
547211.502933;4175550.549667;300
548510.628150;4175218.054100;300
547742.690967;4175364.691933;300
549251.657067;4175267.933833;300
548929.439140;4175221.669470;300
546760.378700;4175986.498967;300
551957.278300;4182217.037800;300
551122.893250;4182118.465600;300
552120.784800;4182279.650533;300
547930.707350;4178807.407550;300
548215.958800;4178361.599750;300
548291.417200;4177689.590643;300
548810.458250;4177249.415450;300
549030.027200;4176730.462150;300
551936.175850;4183398.361500;300
552629.933900;4183533.861050;300
554167.459750;4176126.060500;300
553994.115300;4176248.433733;300
553835.669800;4176357.057133;300
553356.489700;4176738.863000;300
553168.058633;4176824.352500;300
553007.638350;4176942.076950;300
547515.574750;4179620.698725;300
547698.396950;4179692.126550;300
547839.384150;4179743.371800;300
548054.041650;4179803.592100;300
552782.901288;4175329.541975;300
550884.392300;4174660.445050;300
549985.095250;4175080.840150;300
550126.877650;4174997.542750;300
549843.265700;4175165.138150;300
550481.630250;4174786.094125;300
548257.714100;4175749.418100;300
548260.877300;4175532.525400;300
552756.243575;4175882.249800;300
553484.452850;4176916.640150;300
552880.246700;4176059.181600;300
552776.714550;4182979.114200;300
546518.773700;4180787.861600;300
554026.227400;4174647.847500;300
547929.865650;4175093.501150;300
547933.701950;4174664.361875;300
547744.482425;4176262.026075;300
547928.140900;4175299.417750;300
547946.339075;4173945.357275;300
550752.948467;4184170.006200;300
550803.846150;4183953.996950;300
551022.873900;4182620.613600;300
551054.590033;4182437.958400;300
550848.806450;4183652.036075;300
547123.628900;4177069.459350;300
547915.817550;4177307.023400;300
547263.960450;4177105.212200;300
552190.964200;4179849.837350;300
552217.067400;4179546.100900;300
552238.570150;4179280.503550;300
552257.160700;4179057.604900;300
552269.054833;4178853.562967;300
552161.450833;4180275.120567;300
551768.408560;4184424.085640;300
551819.954050;4184105.017200;300
552024.568600;4182871.887783;300
552078.886140;4182548.101160;300
550388.070800;4174627.831450;300
548677.636700;4182556.779550;300
547976.844900;4183566.167900;300
548280.176400;4183388.641100;300
542928.403350;4181414.330350;300
543578.969850;4181497.798900;300
547493.729050;4177139.817850;300
552327.637750;4182522.971850;300
543345.585367;4181518.129033;300
546802.351440;4178095.511860;300
546360.202840;4178066.385140;300
545871.913900;4178038.778450;300
545683.441150;4178027.746300;300
545355.499800;4178007.726513;300
545023.798200;4177986.394100;300
544834.442400;4177975.376600;300
544568.118400;4177958.421920;300
544078.342200;4177930.247700;300
543829.619150;4177916.439850;300
546968.316150;4174247.237200;300
547285.510000;4174251.544450;300
550438.911050;4177044.853800;300
548665.781600;4183809.705950;300
553271.510225;4176195.952100;300
553283.323850;4176004.079350;300
552687.029450;4178970.136350;300
552596.181050;4180174.900800;300
552584.714800;4180315.406000;300
551937.032450;4177611.413800;300
551708.740900;4177591.782800;300
550482.257825;4179002.411075;300
548410.744333;4177125.585100;300
548523.918767;4177203.510000;300
549032.564433;4179760.223133;300
548858.985450;4179549.472750;300
550236.932650;4174697.364800;300
552094.337560;4173802.152360;300
544497.290700;4177745.248733;300
554067.305750;4175985.324850;300
553736.370300;4176220.011067;300
548185.685400;4174147.018650;300
548283.078875;4174234.268725;300
549235.452067;4175699.330133;300
548440.765300;4174466.748975;300
548593.364100;4174717.296933;300
549346.271050;4175890.746800;300
549140.623783;4175539.881283;300
550122.080200;4182696.372100;300
550268.420450;4182718.123600;300
548615.552500;4182423.786733;300
549978.966350;4182672.423600;300
547683.638700;4173931.631100;300
552702.128150;4183169.616200;300
552660.372150;4183338.165900;300
551195.705733;4173817.486233;300
552835.027633;4174335.792867;300
552705.679967;4174232.334733;300
552460.426050;4176045.960850;300
552372.352400;4176274.214050;300
552838.760400;4174831.221150;300
552804.458975;4174527.240900;300
547084.191950;4176345.272700;300
547029.595300;4176532.026150;300
551809.653650;4173656.921575;300
551730.927200;4173428.753667;300
551871.604550;4173863.127325;300
548062.005600;4173816.771150;300
547062.804372;4177209.940928;300
549944.470400;4175975.591200;300
551943.696250;4176126.460700;300
551172.756350;4175914.494000;300
550583.086300;4175862.482400;300
550359.133900;4175852.735550;300
551699.635350;4176008.149850;300
550879.574200;4175882.575633;300
552083.999650;4176180.158850;300
551445.374500;4175899.269100;300
552976.297500;4176732.007550;300
552791.248000;4176616.040050;300
543841.911950;4175595.126400;300
544345.249560;4176387.190020;300
546055.739650;4176499.625500;300
545832.691250;4176488.397550;300
545624.324000;4176475.315150;300
544796.971450;4176423.404350;300
544596.500271;4176415.027071;300
544133.568150;4176459.160650;300
543963.930250;4176552.674350;300
543783.571750;4176583.280700;300
544984.592450;4176435.908850;300
545287.304350;4176454.485300;300
545470.961700;4176466.479800;300
555666.312050;4175528.843700;300
553372.838440;4183106.440833;300
546879.711500;4176531.672200;300
546727.325850;4176521.875950;300
551980.207467;4184010.163467;300
552209.781133;4182645.142167;300
551955.508240;4183831.016260;300
544403.783800;4179590.556250;300
544428.277800;4179197.142000;300
544624.374000;4175987.317650;300
544440.668350;4178990.283600;300
544452.971000;4178783.480400;300
544609.558050;4176193.163150;300
544478.635300;4178369.824300;300
544490.939850;4178162.965800;300
544528.907800;4177543.506000;300
544542.118317;4177335.136350;300
544555.707150;4177108.498800;300
544566.891600;4176921.994300;300
544581.215250;4176717.199850;300
550968.895775;4174181.957425;300
551747.477750;4173915.106250;300
551309.879200;4174057.112450;300
552282.527000;4173733.131050;300
549029.426100;4182087.592950;300
550263.442925;4182293.085625;300
549757.465850;4182207.407300;300
550917.704525;4182430.527450;300
546380.322850;4177446.476400;300
545936.276750;4177420.968450;300
545741.115500;4177406.014650;300
545532.230250;4177395.205800;300
545343.442900;4177382.571150;300
544966.515650;4177359.481900;300
544683.292850;4177343.740600;300
544211.986750;4177314.849400;300
544022.970950;4177303.131400;300
543834.086900;4177291.418450;300
551485.468200;4184302.166578;300
552303.700400;4183937.624275;300
548801.762375;4176801.893225;300
548826.190120;4176468.703880;300
548798.830200;4176995.875950;300
548779.347600;4176625.069050;300
548646.326450;4177097.439500;300
548408.731200;4177338.453767;300
555307.834050;4185599.430850;300
552957.195950;4177572.855300;300
552750.526550;4177279.113300;300
552890.396100;4180862.701000;300
550551.715550;4176113.930550;300
549123.301250;4181466.592400;300
549279.074050;4181490.767750;300
548298.889600;4181331.568450;300
548843.434400;4181421.933550;300
548988.606300;4181444.542600;300
548136.515250;4181305.875350;300
548466.799500;4181359.239050;300
547976.171550;4181279.143200;300
546815.889850;4177265.755950;300
548826.267300;4183306.705850;300
549976.729667;4183500.013267;300
549118.682600;4183354.990750;300
550421.545800;4183572.571800;300
552152.296250;4183861.242200;300
551433.976650;4183742.882350;300
551011.420450;4183673.014150;300
551278.704900;4183716.671300;300
550133.106600;4183524.320100;300
552425.287200;4183905.638700;300
549409.070050;4183403.218350;300
551578.214500;4183766.530650;300
550701.122900;4183619.003775;300
551688.094850;4175473.007800;300
551731.226100;4175340.689550;300
549050.602250;4179958.251950;300
550753.732200;4183364.855350;300
550865.001333;4182748.084200;300
550676.451200;4183826.002750;300
550958.199317;4182129.834517;300
546976.080600;4177062.986750;300
553870.402350;4175707.208450;300
553723.442700;4175809.991500;300
551781.664900;4174106.935600;300
552167.379360;4173971.793960;300
551945.842100;4174049.273150;300
550889.266850;4180245.676400;300
550903.578100;4180067.684700;300
550934.885850;4179705.060850;300
550962.586900;4179356.284150;300
550976.900850;4179178.292800;300
550991.666100;4178998.640000;300
551006.401000;4178823.979950;300
551022.612400;4178624.364700;300
551049.332250;4178292.780400;300
551072.969375;4178039.593300;300
550872.101700;4180450.889600;300
551083.406400;4177869.428300;300
552473.564550;4179588.783000;300
552485.472100;4179447.947800;300
546782.860720;4176878.501580;300
547417.636300;4179025.679050;300
551813.060633;4183183.943450;300
547949.484175;4177813.022725;300
548107.545550;4177744.237550;300
552429.624783;4174578.284283;300
545532.264100;4175657.038350;300
552976.644000;4178634.545900;300
552150.648767;4175329.645467;300
547636.216975;4176447.022800;300
552666.607467;4182574.563467;300
552115.685100;4182064.040538;300
553156.331225;4173932.045875;300
552965.800250;4173987.684450;300
553823.629300;4179840.701333;300
551228.658850;4181366.856950;300
552275.764067;4174211.848667;300
552335.229950;4174388.085400;300
553783.779540;4180387.355540;300
553715.838050;4181161.127700;300
553101.791325;4174788.361700;300
553960.699600;4178146.556025;300
553478.832700;4178815.406950;300
553492.599800;4178533.341100;300
553335.223375;4182667.631275;300
551294.810567;4179924.170333;300
551333.917800;4179568.457000;300
551362.703200;4179225.124900;300
551392.598400;4178859.553850;300
549023.314767;4181238.006467;300
553256.055800;4182873.105500;300
552866.410550;4180050.753250;300
553118.613050;4180073.567500;300
553655.348650;4180117.820850;300
546283.644867;4174193.941267;300
550606.088025;4174827.575775;300
553300.141900;4183183.230900;300
553377.001500;4183156.878000;300
553377.001500;4183156.878000;300
553299.128900;4183190.103500;300
553299.128900;4183190.103500;300
553299.128900;4183190.103500;300
553299.128900;4183190.103500;300
549289.509300;4174498.041400;300
552324.381800;4183464.563500;300
553177.876300;4182524.148100;300
553073.707100;4182620.006100;300
552714.175300;4182580.748400;300
552772.253600;4182531.523900;300
552587.285100;4175775.377400;300
552584.796000;4175764.932000;300
545585.245100;4182669.334400;300
548800.312700;4183504.049100;300
552726.359800;4183606.487500;300
552688.057300;4183854.669000;300
552755.828100;4183445.681600;300
552010.607500;4184465.490100;300
544750.764700;4181086.458600;300
544731.647300;4181071.487200;300
548876.514700;4183941.103300;300
548859.699100;4184044.966900;300
552758.504900;4183632.435000;300
552264.320100;4183550.282400;300
553331.487700;4182666.608500;300
553117.810200;4182881.033100;300
553814.449800;4180160.521700;300
553797.276600;4180092.727600;300
553797.365400;4180092.617200;300
553782.293600;4180229.103200;300
553848.934000;4179735.793300;300
553831.803600;4179661.342200;300
553317.739900;4175382.964200;300
553326.810600;4175343.079700;300
553859.053900;4177242.729100;300
553859.611800;4177157.298600;300
553810.850700;4177068.217500;300
553823.482700;4177022.809000;300
553822.601700;4177022.803200;300
553168.419000;4174894.917100;300
552527.381700;4182420.335300;300
553717.637700;4176633.782000;300
553706.428600;4176595.984900;300
553471.287400;4181057.014900;300
553473.792500;4181078.112400;300
552609.093300;4181910.912100;300
552331.983900;4182185.532700;300
547219.918500;4181054.420500;300
547154.541200;4182059.500100;300
552543.890100;4180826.476000;300
552024.979000;4181341.225400;300
547033.491600;4181005.866100;300
547018.446300;4180987.916900;300
555316.292500;4186540.278300;300
547020.092100;4178136.782100;300
547005.129500;4178118.833500;300
551847.660900;4180438.275800;300
546625.794300;4178084.059600;300
546529.743700;4178087.955000;300
551069.491500;4180086.463900;300
552510.762400;4180013.195700;300
552359.941000;4180003.692500;300
552432.478800;4180023.903500;300
548648.866800;4179525.928100;300
548734.949000;4179536.866300;300
552718.565000;4179899.796500;300
552695.759100;4179884.893800;300
549546.070000;4179603.947700;300
552524.156500;4179887.903400;300
552543.351200;4179889.024400;300
552540.268500;4179889.004700;300
549942.103300;4179631.857600;300
553823.217100;4179694.794200;300
549014.451900;4179372.205800;300
549018.932000;4179359.472800;300
553653.923700;4179680.597600;300
548935.107400;4179309.267800;300
546305.772000;4174826.932100;300
546260.371700;4175520.679100;300
546277.469700;4174844.636500;300
546264.861300;4176118.733500;300
546286.313400;4176096.108800;300
546241.158800;4175001.873100;300
546267.527200;4174983.159100;300
546247.262200;4174997.913100;300
549683.386200;4179079.079500;300
549416.792100;4178820.399100;300
545777.281800;4179722.393600;300
545805.168900;4179269.087100;300
545817.489200;4179065.225600;300
545830.878200;4178859.373000;300
545840.914500;4178686.232700;300
545670.688700;4179661.333200;300
545694.095000;4179284.336600;300
545706.429200;4179077.479400;300
545718.758300;4178871.620800;300
552618.780300;4178739.028000;300
552704.536400;4178746.455000;300
552533.986600;4178732.606700;300
549838.956300;4178379.129500;300
549866.243100;4178368.421100;300
551240.310300;4178494.346500;300
551221.292700;4178478.362000;300
549252.551800;4178148.152200;300
551227.617900;4178311.084000;300
550059.022400;4178205.157400;300
551287.969700;4178126.278600;300
545123.397200;4177978.062500;300
545112.242200;4177987.987100;300
544740.506100;4181159.187500;300
544336.515900;4179790.073900;300
543765.331500;4181642.913900;300
543665.271100;4181497.812200;300
543690.774900;4176652.022200;300
554034.308500;4174052.859200;300
552092.393100;4182072.171900;300
552112.808400;4182032.690500;300
552109.832500;4182015.917600;300
550133.482600;4176869.184300;300
549974.766800;4176916.707300;300
553395.609700;4173699.202000;300
547572.945500;4173791.193600;300
551055.241800;4176270.700700;300
543854.982400;4175946.356200;300
545538.074600;4174580.010100;300
545534.726100;4174468.041800;300
545545.319100;4174720.625400;300
550574.914600;4175420.064700;300
554790.910500;4186797.616500;300
555538.977000;4186433.708900;300
555896.198900;4186281.457400;300
555711.520300;4186622.834800;300
555592.097900;4186842.939000;300
555473.764700;4187059.057800;300
550263.716200;4176868.867400;300
550111.244200;4176367.099700;300
553312.923200;4181576.363000;300
546779.064700;4174047.393100;300
553006.130500;4181518.239900;300
552841.484900;4181348.087900;300
552122.166600;4180623.414400;300
551922.618100;4180423.547200;300
551903.214100;4180288.061600;300
551892.009100;4180249.157200;300
550099.171700;4175249.624600;300
549821.042600;4175422.912500;300
549959.821500;4175339.538800;300
552470.433500;4177658.728100;300
552273.707200;4177281.347400;300
552249.189700;4176881.649800;300
552938.399600;4174343.112400;300
552595.181300;4176057.359300;300
552971.778000;4174361.078900;300
552876.632200;4174202.472200;300
549883.943100;4184156.740300;300
551369.251500;4182581.455800;300
551607.663300;4182615.123500;300
551511.787200;4182598.989500;300
552587.113500;4182567.176000;300
552842.621100;4183050.797300;300
546258.427500;4174987.102400;300
552837.710800;4183033.900700;300
553049.404000;4183084.637000;300
553024.256200;4183065.723600;300
553165.711600;4183098.812800;300
552945.531700;4183067.214100;300
552921.263300;4183048.417700;300
551281.672200;4182788.171600;300
551283.777500;4182775.314100;300
552450.351700;4182984.156900;300
552452.465200;4182970.301100;300
551453.090700;4182818.865900;300
551441.045700;4182801.925700;300
547970.051600;4182238.961800;300
551019.449500;4182746.931800;300
550994.296000;4182728.024700;300
546258.249600;4175018.833500;300
551997.639300;4182909.164600;300
552004.764300;4182896.338900;300
548700.091100;4182363.077000;300
548692.084300;4182347.163300;300
552739.804600;4183033.383800;300
552714.656600;4183014.360500;300
546259.263800;4175010.850700;300
550862.132100;4182713.670800;300
555957.780900;4186117.440200;300
554016.902600;4176684.555900;300
554110.637200;4176768.385300;300
551939.235600;4178065.891900;300
552057.265400;4178069.964900;300
551998.393900;4178045.183600;300
551239.957200;4178040.879000;300
550119.010900;4173854.521000;300
550592.536800;4177001.247200;300
550600.471100;4177115.466300;300
550617.770900;4177081.842800;300
546455.954200;4174137.658100;300
546468.424800;4174114.428500;300
547843.549300;4178198.660000;300
553089.125800;4183287.495700;300
552911.155100;4183251.177200;300
551873.002900;4183084.240400;300
551965.265000;4183100.023100;300
552726.640000;4183219.147800;300
551704.072600;4183051.000900;300
550809.611400;4182905.962200;300
547711.966900;4178405.378400;300
546197.930700;4181800.772500;300
548986.334000;4177878.061000;300
548894.835700;4177856.436900;300
552309.776000;4184086.369400;300
548423.595400;4180087.131800;300
548385.773300;4180378.271700;300
548371.599500;4180377.189800;300
548402.495400;4180275.405700;300
551486.230000;4184206.997300;300
551534.914400;4184164.695700;300
551798.890600;4183919.813000;300
551394.968100;4184286.646600;300
551412.262400;4184252.137000;300
551628.291800;4184085.061200;300
551618.229900;4184075.123100;300
551529.983400;4184150.795500;300
551909.327800;4183844.172400;300
551902.366100;4183831.257800;300
548857.329200;4179323.674000;300
548879.538200;4179321.808600;300
549358.592300;4179565.653400;300
551393.963000;4176569.713700;300
551374.935000;4176554.727500;300
550747.807000;4176597.556500;300
550712.357700;4176616.200500;300
548653.733000;4179432.756600;300
546240.743900;4174902.902100;300
544212.280400;4180634.860400;300
546483.712700;4180781.616800;300
546500.533300;4180766.178400;300
548171.031900;4177592.104200;300
551783.620700;4181798.498300;300
551220.631300;4181701.776100;300
545667.499800;4181571.026900;300
545553.627300;4181540.660900;300
543479.017800;4181414.611300;300
550816.112300;4182180.808700;300
551368.459500;4182270.891100;300
552508.016400;4182460.710000;300
551224.289100;4182246.248800;300
549846.108900;4178536.614800;300
549831.936400;4178549.399600;300
549539.800000;4173811.526300;300
546782.140600;4173302.261200;300
553028.420200;4183089.050900;300
553043.942300;4182975.755600;300
552738.798200;4179601.016800;300
552750.802700;4179459.516800;300
552803.195400;4178788.694000;300
552726.869400;4179744.514500;300
549317.560700;4177884.473600;300
549667.258800;4178188.364100;300
549680.670900;4178170.248600;300
549694.865200;4177993.142700;300
549680.793600;4177989.063600;300
549709.060100;4177816.036800;300
549694.900000;4177811.957100;300
549023.205400;4183878.621400;300
548670.278100;4178003.008000;300
549440.919700;4178616.390600;300
553147.028900;4183128.649900;300
555239.872000;4175908.102000;300
548581.695800;4182102.968900;300
552004.689000;4182043.990000;300
551882.674700;4182024.469000;300
551674.233800;4182109.591400;300
553365.360200;4183254.886200;300
553461.467100;4183111.823900;300
553502.432800;4183108.206600;300
553313.578800;4183242.900400;300
549499.878600;4179228.538300;300
546284.082200;4176116.844200;300
546302.306700;4176104.076100;300
551201.288300;4176308.220300;300
550179.162800;4175428.743900;300
550320.677900;4175345.281800;300
550037.643800;4175513.317800;300
553517.009000;4173791.413200;300
553346.649700;4173909.695900;300
550811.236700;4181115.624300;300
541565.504100;4186954.225400;300
550075.289800;4181225.177200;300
550066.313000;4181209.700100;300
550091.038600;4181126.302600;300
550090.500700;4181069.935000;300
549526.170900;4184375.488100;300
548574.185800;4175978.893300;300
548576.094400;4175834.334000;300
552367.757500;4181420.399800;300
551842.957600;4180891.713700;300
551501.278400;4179772.934300;300
553545.832600;4182608.528300;300
553271.968200;4182597.986200;300
552990.130100;4182868.560000;300
553402.391600;4183138.291400;300
553402.413000;4183121.426400;300
540595.668900;4187317.741300;300
552091.514800;4182391.935600;300
551802.117600;4182343.731000;300
551014.485200;4182212.325800;300
547016.418600;4180479.076600;300
546772.047100;4180488.558900;300
546211.835900;4184593.645200;300
546223.076500;4184582.835000;300
543455.001100;4176581.321300;300
553913.186900;4174729.324600;300
546079.975000;4174431.680000;300
548359.070200;4175995.382000;300
548365.718000;4175237.063900;300
554888.219600;4176045.667400;300
552477.713400;4182794.155800;300
552442.226500;4183001.857800;300
552525.040400;4182483.675200;300
555050.477900;4176028.996000;300
545441.618300;4175546.641200;300
551341.596800;4181650.381100;300
551350.094500;4181629.242000;300
551482.786500;4182589.931800;300
551448.031200;4182797.198300;300
551465.412100;4182693.010300;300
551430.629900;4182904.714900;300
551500.403200;4182490.405400;300
549260.047000;4174531.594900;300
549278.362500;4174504.964800;300
549252.074300;4174508.802200;300
547402.679300;4174890.854100;300
548032.803300;4174896.716300;300
547653.033500;4174881.533500;300
547579.809800;4174894.092400;300
548207.296200;4174898.843200;300
548100.715900;4174888.235700;300
545700.463000;4174429.459100;300
545978.172900;4174416.244800;300
550640.186800;4181290.986900;300
549291.917600;4178784.146500;300
554977.793900;4187120.413000;300
554806.280800;4186934.305100;300
555134.192700;4187118.353700;300
548370.532300;4180393.937500;300
548369.579600;4180376.179400;300
552842.806100;4181650.002300;300
551927.664400;4180726.815300;300
553656.628400;4182469.558100;300
550059.163800;4181096.373300;300
550123.210000;4181092.990400;300
550929.613900;4181241.621900;300
549978.726300;4181072.473700;300
552203.039300;4175360.303700;300
549266.353800;4178492.188000;300
554361.389900;4176558.112900;300
554639.679400;4176316.630400;300
554658.967500;4176304.886200;300
553398.761700;4182734.171900;300
551048.550700;4184315.335300;300
551034.390200;4184313.250300;300
551188.260500;4183395.395800;300
551204.476200;4183378.742600;300
551289.532800;4182798.428300;300
551305.150800;4182694.229000;300
553831.225700;4174593.205000;300
553673.075800;4174706.123900;300
550079.220700;4182996.795500;300
550660.089400;4183094.327800;300
550518.321000;4183067.715200;300
550228.947500;4183018.234200;300
551793.477200;4183283.124100;300
550373.197800;4183042.416000;300
551449.813700;4184708.948200;300
551287.530100;4184588.992100;300
547387.106300;4179578.379500;300
547312.351200;4179588.823300;300
552527.847300;4179889.258400;300
554047.122500;4176322.047100;300
554049.304700;4176298.317300;300
547735.883400;4177774.198200;300
551971.293800;4184153.016300;300
547548.578600;4180003.259300;300
544882.161500;4179857.712900;300
543386.780600;4179765.712900;300
550109.892100;4176081.943600;300
548669.433000;4183452.790200;300
547827.236700;4177973.332200;300
553270.491900;4182907.761100;300
553207.938500;4182968.159600;300
551782.301300;4183478.111100;300
551766.002200;4183493.875000;300
551994.618500;4182132.689500;300
551713.212000;4183894.531300;300
551700.138700;4183887.459100;300
551810.552500;4183311.968700;300
551797.421000;4183300.013900;300
551801.141400;4183366.387900;300
551787.991100;4183357.428800;300
551851.629700;4183178.527700;300
546896.203100;4183740.293500;300
551010.507000;4180650.851300;300
552155.048900;4182037.063200;300
547664.215700;4176073.442800;300
547546.139700;4176057.006300;300
548427.744500;4177026.419600;300
548412.601600;4177024.333600;300
549922.181200;4174641.643300;300
550022.506500;4174812.007600;300
549065.152500;4174549.961600;300
543541.574100;4181758.449400;300
551101.763100;4180137.702600;300
551262.775200;4178182.597000;300
551256.375900;4178078.261300;300
550402.378700;4176253.371800;300
548285.062400;4173657.747500;300
553187.272900;4182814.243300;300
549807.413500;4175403.191700;300
551133.981900;4177783.475800;300
547681.719000;4173424.571500;300
553273.497700;4182905.894400;300
549774.079600;4175377.471500;300
547607.970000;4173373.108300;300
548186.489800;4173631.652700;300
553324.258900;4182953.378600;300
552713.972100;4182612.480000;300
552312.700100;4182199.279500;300
552230.413200;4182108.662400;300
552115.996100;4182002.087400;300
552070.903900;4181947.323700;300
551918.326600;4181802.897000;300
552128.978700;4182023.916500;300
553089.399400;4182972.054300;300
550539.891100;4180427.819200;300
553162.535700;4183072.496100;300
553167.010900;4183074.855100;300
552990.021700;4182899.071700;300
553123.354000;4183017.986500;300
551984.726500;4181886.309400;300
552611.214400;4182516.069200;300
552639.039000;4182529.894400;300
552188.611900;4182090.644700;300
553273.610700;4183160.535400;300
551933.322700;4181826.735700;300
548402.170000;4178621.099300;300
550137.007200;4174534.212200;300
550034.938200;4174360.507500;300
541149.478700;4187259.471100;300
541283.386300;4187265.246400;300
540808.073300;4187252.221500;300
552659.931800;4182539.903000;300
546412.132200;4178791.837900;300
545163.099300;4178610.927100;300
544334.583200;4178577.360200;300
543842.214900;4178529.902300;300
543353.799600;4178517.111700;300
554896.074700;4176149.794200;300
550906.088000;4181015.575200;300
548342.151800;4175228.049700;300
548393.502500;4175218.032100;300
551442.840300;4182162.398800;300
550946.617900;4182080.314500;300
545419.286400;4187735.754100;300
548064.490200;4178366.706600;300
543385.363200;4178294.598100;300
551801.017100;4183386.136900;300
551783.967100;4183367.278400;300
550993.873000;4180919.255800;300
553027.438400;4182968.104400;300
552957.218200;4182961.438900;300
548218.604200;4178602.160100;300
551010.269900;4182764.738500;300
550997.273200;4182744.908200;300
551079.435700;4182331.559900;300
551072.631000;4182292.905800;300
549026.337800;4178217.924600;300
548915.225900;4177894.503600;300
548965.018800;4177906.782000;300
551270.326300;4182347.836100;300
552619.650700;4182573.819300;300
551108.483300;4182319.091500;300
552131.474900;4182491.936200;300
551833.277800;4182443.452700;300
550942.395500;4182293.097600;300
552061.404000;4182697.645400;300
552047.328200;4182695.670200;300
552021.689300;4182935.057900;300
552008.632900;4182925.100500;300
551992.495000;4183096.311600;300
551978.263900;4183105.098100;300
552136.258700;4182167.537000;300
551841.204700;4183924.961400;300
552097.546100;4182398.963900;300
552114.766400;4182377.214900;300
551964.196100;4183269.332300;300
552160.062800;4182065.721100;300
552155.947300;4182103.752200;300
552146.817600;4182085.387000;300
552011.245500;4182999.345300;300
551994.989200;4183008.118900;300
551976.732900;4183194.184500;300
549641.942000;4173785.400400;300
548715.201200;4182369.046900;300
548701.042600;4182365.967400;300
548492.723500;4177768.628800;300
547795.833900;4177204.805800;300
551398.750300;4182369.718100;300
543432.299600;4177896.862300;300
546950.715900;4178097.775400;300
548043.083600;4177973.477500;300
552610.957700;4179895.336300;300
552637.045500;4179575.734500;300
552646.763400;4179460.959600;300
552716.345200;4178621.818800;300
551368.385000;4176644.336600;300
550391.379900;4179148.507100;300
550402.766700;4179144.693400;300
546318.780100;4176120.700400;300
546317.496600;4176098.170000;300
549365.788200;4180055.331900;300
549233.104100;4179928.828300;300
552232.400000;4174076.877700;300
552800.699200;4183148.611800;300
553035.722200;4183185.628200;300
552399.296600;4183078.919500;300
552023.721600;4183017.509600;300
552689.078700;4183131.253400;300
551782.033100;4182974.932700;300
550865.315100;4182825.531800;300
552730.622200;4183051.077600;300
552532.480900;4184228.700200;300
552577.395800;4183950.491600;300
552610.329600;4183756.531900;300
551221.510800;4173986.774600;300
551237.529700;4174004.737300;300
551220.440700;4173988.765100;300
551222.735100;4173988.335500;300
552635.708900;4175506.181500;300
552608.521600;4175623.618200;300
549136.781300;4184113.410900;300
548185.522400;4180884.596300;300
548284.935200;4180361.813800;300
552675.138900;4176535.633400;300
552642.128500;4176488.933300;300
548443.111500;4178355.053700;300
548422.712400;4178213.358500;300
543910.953300;4175778.230000;300
550107.808700;4173870.319200;300
550084.185100;4173928.536600;300
548105.236100;4180531.962700;300
546776.127200;4173632.418300;300
550110.143500;4176214.644300;300
551966.116900;4184136.340400;300
551161.175200;4174107.782300;300
551124.736600;4174127.749900;300
550635.894500;4182361.329600;300
551341.017600;4182477.648800;300
551197.813000;4182454.011500;300
551485.184400;4182502.182300;300
551920.853700;4182575.152200;300
550447.826600;4182329.773800;300
551776.595800;4182551.498100;300
552778.191700;4182566.734500;300
553758.192200;4179684.162000;300
548352.570800;4177449.705300;300
548334.143100;4177497.084900;300
552823.495000;4177393.917700;300
550938.964600;4176121.305300;300
551961.896000;4181945.747500;300
548712.799200;4183280.847100;300
551772.117300;4175214.459900;300
550836.934000;4182944.299000;300
550946.970200;4182194.155200;300
550933.959800;4182204.837200;300
550865.011500;4182618.157400;300
550851.401900;4180601.048200;300
552455.542600;4179859.949900;300
547747.083500;4178624.157900;300
547452.199600;4178813.515100;300
547571.378500;4178632.018200;300
547472.965000;4178710.670800;300
550080.893900;4182880.970100;300
550515.503900;4182952.860800;300
550263.413700;4182910.819600;300
551941.434000;4183192.963100;300
551680.207500;4183149.822000;300
550851.469900;4183014.289700;300
549935.668100;4182857.342400;300
552046.545000;4175300.510300;300
552028.996500;4175288.194800;300
551867.149100;4175238.356800;300
551856.643500;4175227.195500;300
551956.829900;4175272.206700;300
551941.932100;4175258.798600;300
551785.350400;4175212.323900;300
552654.632600;4183616.014200;300
550358.112700;4179316.508600;300
550379.118900;4179050.349700;300
548851.116200;4183622.183000;300
552235.704800;4174097.868600;300
551670.073400;4174480.423700;300
553256.522000;4180097.758000;300
549373.724900;4175124.314500;300
545739.571100;4183038.553400;300
556311.624900;4175756.794200;300
553830.454100;4179692.622400;300
551200.700300;4174087.612200;300
551588.841500;4184100.680200;300
547672.149300;4174898.397600;300
548902.234000;4177871.681300;300
549052.725900;4177854.711800;300
541339.298700;4186506.278900;300
550615.549300;4174714.767500;300
552727.522300;4176556.716300;300
552173.240000;4180165.942800;300
552085.112100;4174230.504000;300
551694.714200;4174359.861600;300
551893.975700;4174293.652700;300
553558.120600;4181369.027300;300
553445.202700;4175691.794600;300
551265.333700;4178026.169100;300
547669.863600;4173401.536100;300
554888.813200;4186633.833700;300
555205.631700;4186479.285800;300
546385.493200;4177232.146400;300
546823.781700;4173436.193600;300
543909.333900;4176049.386100;300
549723.567400;4184079.766300;300
551429.197800;4178309.343400;300
541391.866700;4186151.273500;300
551182.441700;4178038.524600;300
553450.398100;4173950.420900;300
552016.088900;4178061.272500;300
553756.437600;4180601.074300;300
553631.759300;4180528.030600;300
553178.784700;4181169.847600;300
552894.657500;4175089.544700;300
553016.040400;4175044.721900;300
546468.575400;4174103.334300;300
550850.394100;4182832.096900;300
552966.707400;4182896.147800;300
554345.983700;4178881.936900;300
