50,1,3600.0,0.9867531765341985,0.0,8427,7300,98,6522,778,778,0.0,0.0,1.0,-1,0.0,1.0,773.0,3069.0,778.0,0.0000,1.0,1.0,-1,1
50,1,3600.0,0.9867513856969041,0.0,8427,7299,98,6521,778,778,0.0,0.0,1.0001533507130809,-1,0.0,1.0,1542.0,6067.0,778.0,0.0000,1.0,1.0,-1,2
50,1,3600.0,0.9867388362652233,0.0,8427,7292,98,6514,778,778,0.0,0.0,1.0013816395455941,-1,0.0,1.0,2309.0,9068.0,778.0,0.0000,1.0,1.0,-1,3
50,1,3600.0,0.9867280606717227,0.0,8427,7286,98,6508,778,778,0.0,0.0,1.0021511985248925,-1,0.0,1.0,3074.0,11979.0,778.0,0.0000,1.0,1.0,-1,4
50,1,3600.0,0.9865853658536585,0.0,8427,7281,99,6506,775,775,0.0,0.0,1.0023055640946819,-1,0.0,1.0,3831.0,14811.0,775.0,0.0000,1.0,1.0,-1,5
50,1,3600.0,0.98658172946598,0.0,8427,7279,99,6506,773,773,0.0,0.0,1.0009222256378727,-1,0.0,1.0,4590.0,17862.0,773.0,0.0000,1.0,1.0,-1,6
50,1,3600.0,0.9865799105327369,0.0,8427,7278,99,6505,773,773,0.0,0.0,1.0001537279016142,-1,0.0,1.0,5339.0,20814.0,773.0,0.0000,1.0,1.0,-1,7
50,1,3600.0,0.9864443540734716,0.0,8427,7277,100,6504,773,773,0.0,0.0,1.0001537515375154,-1,0.0,1.0,6078.0,23636.0,773.0,0.0000,1.0,1.0,-1,8
50,1,3600.0,0.9865799105327369,0.0,8427,7278,99,6505,773,773,0.0,0.0,1.0,-1,0.0,1.0,6817.0,26294.0,773.0,0.0000,1.0,1.0,-1,9
50,1,3600.0,0.9865799105327369,0.0,8427,7278,99,6505,773,773,0.0,0.0,1.0,-1,0.0,1.0,7547.0,29168.0,773.0,0.0000,1.0,1.0,-1,10
50,1,3600.0,0.9865780911062907,0.0,8427,7277,99,6504,773,773,0.0,0.0,1.0001537515375154,-1,0.0,1.0,8280.0,32064.0,773.0,0.0000,1.0,1.0,-1,11
50,1,3600.0,0.9865799105327369,0.0,8427,7278,99,6505,773,773,0.0,0.0,1.0,-1,0.0,1.0,9007.0,34880.0,773.0,0.0000,1.0,1.0,-1,12
50,1,3600.0,0.9865799105327369,0.0,8427,7278,99,6505,773,773,0.0,0.0,1.0,-1,0.0,1.0,9738.0,37486.0,773.0,0.0000,1.0,1.0,-1,13
50,1,3600.0,0.9865726298657262,0.0,8427,7274,99,6501,773,773,0.0,0.0,1.0,-1,0.0,1.0,10466.0,40125.0,773.0,0.0000,1.0,1.0,-1,14
50,1,3600.0,0.9865799105327369,0.0,8427,7278,99,6505,773,773,0.0,0.0,1.0,-1,0.0,1.0,11198.0,42870.0,773.0,0.0000,1.0,1.0,-1,15
50,2,3600.0,0.9882477221708702,0.0,8586,7484,89,6671,813,800,0.0,0.0,1.1281666916504272,-1,0.0,0.93125,767.5,5983.5,772.5,534.5314,1.93125,0.965625,-1,1
50,2,3600.0,0.9883859047116272,0.0,8586,7489,88,6675,814,800,0.0,0.0,1.1400749063670412,-1,0.0,0.97125,1564.5,12093.5,788.5,229.4299,1.97125,0.985625,-1,2
50,2,3600.0,0.9883751651254954,0.0,8586,7482,88,6672,810,800,0.0,0.0,1.1396882494004796,-1,0.0,0.98125,2354.0,18279.5,792.5,160.1096,1.98125,0.990625,-1,3
50,2,3600.0,0.9883828382838283,0.0,8586,7487,88,6670,817,800,0.0,0.0,1.148575712143928,-1,0.0,0.98375,3122.0,23946.0,793.5,129.5712,1.98375,0.991875,-1,4
50,2,3600.0,0.9883659439450027,0.0,8586,7476,88,6664,812,800,0.0,0.0,1.1512605042016806,-1,0.0,0.9825,3899.5,29451.0,793.0,111.4627,1.9825,0.99125,-1,5
50,2,3600.0,0.9883520847121112,0.0,8586,7467,88,6657,810,795,0.0,0.0,1.1333934204596665,-1,0.0,0.9874213836477987,4670.5,34947.0,790.0,102.2806,1.9874213836477987,0.9937106918238994,-1,6
50,2,3600.0,0.9883443708609272,0.0,8586,7462,88,6656,806,797,0.0,0.0,1.1370192307692308,-1,0.0,0.986198243412798,5423.5,39986.0,791.5,106.3585,1.986198243412798,0.993099121706399,-1,7
50,2,3600.0,0.9883412824589295,0.0,8586,7460,88,6655,805,795,0.0,0.0,1.1205108940646131,-1,0.0,0.989937106918239,6186.0,44887.0,791.0,106.9139,1.989937106918239,0.9949685534591195,-1,8
50,2,3600.0,0.9883320074250862,0.0,8586,7454,88,6654,800,795,0.0,0.0,1.1140667267808837,-1,0.0,0.9911949685534591,6941.5,49497.0,791.5,108.6265,1.9911949685534591,0.9955974842767296,-1,9
50,2,3600.0,0.9883443708609272,0.0,8586,7462,88,6653,809,795,0.0,0.0,1.1179918833608897,-1,0.0,0.989937106918239,7686.5,54196.5,791.0,109.4280,1.989937106918239,0.9949685534591195,-1,10
50,2,3600.0,0.9883351007423118,0.0,8586,7456,88,6653,803,794,0.0,0.0,1.1205471215992786,-1,0.0,0.9924433249370277,8430.0,58448.5,791.0,111.5693,1.9924433249370277,0.9962216624685138,-1,11
50,2,3600.0,0.988336646785951,0.0,8586,7457,88,6652,805,794,0.0,0.0,1.1211665664461816,-1,0.0,0.9911838790931989,9162.5,62292.5,790.5,111.5109,1.991183879093199,0.9955919395465995,-1,12
50,2,3600.0,0.9882072346627799,0.0,8586,7458,89,6652,806,794,0.0,0.0,1.1077871316897174,-1,0.0,0.9911838790931989,9881.0,67389.0,790.5,117.1836,1.991183879093199,0.9955919395465995,-1,13
50,2,3600.0,0.9882041086812459,0.0,8586,7456,89,6651,805,794,0.0,0.0,1.1049466245677342,-1,0.0,0.9911838790931989,10604.5,71208.5,790.5,116.7550,1.991183879093199,0.9955919395465995,-1,14
50,2,3600.0,0.9882041086812459,0.0,8586,7456,89,6654,802,794,0.0,0.0,1.1118124436429215,-1,0.0,0.9911838790931989,11316.5,75348.5,790.5,118.0584,1.991183879093199,0.9955919395465995,-1,15
50,3,3600.0,0.9887005649717514,0.0,8802,7700,88,6876,824,822,0.0,0.0,1.0334496800465387,-1,0.0,0.9014598540145985,767.0,9240.0,776.3333333333334,479.6656,2.8333333333333335,0.9444444444444445,-1,1
50,3,3600.0,0.9887150551423441,0.0,8802,7710,88,6886,824,822,0.0,0.0,1.0380482137670637,-1,0.0,0.9683698296836983,1595.6666666666667,19667.0,807.6666666666666,168.2481,2.9476885644768855,0.9825628548256286,-1,2
50,3,3600.0,0.9887005649717514,0.0,8802,7700,88,6875,825,822,0.0,0.0,1.0448,-1,0.0,0.9732360097323601,2382.3333333333335,29680.333333333332,810.3333333333334,104.8669,2.957420924574209,0.9858069748580697,-1,3
50,3,3600.0,0.9886670959433355,0.0,8802,7677,88,6854,823,822,0.0,0.0,1.057630580682813,-1,0.0,0.9768856447688564,3154.6666666666665,38716.666666666664,811.0,96.2757,2.95985401459854,0.98661800486618,-1,4
50,3,3600.0,0.9886466262417752,0.0,8802,7663,88,6836,827,822,0.0,0.0,1.0744587478057344,-1,0.0,0.9793187347931873,3935.3333333333335,47424.666666666664,812.0,91.4275,2.9635036496350367,0.9878345498783455,-1,5
50,3,3600.0,0.9885087153001937,0.0,8802,7656,89,6831,825,821,0.0,0.0,1.08300395256917,-1,0.0,0.9805115712545676,4691.333333333333,55906.0,812.0,89.4865,2.967113276492083,0.9890377588306943,-1,6
50,3,3600.0,0.9886436959607692,0.0,8802,7661,88,6831,830,820,0.0,0.0,1.1032059727711903,-1,0.0,0.9817073170731707,5443.666666666667,64076.333333333336,811.6666666666666,93.7480,2.9695121951219514,0.9898373983739838,-1,7
50,3,3600.0,0.9885072314049587,0.0,8802,7655,89,6830,825,817,0.0,0.0,1.1048316251830161,-1,0.0,0.98531211750306,6190.666666666667,71523.33333333333,810.6666666666666,99.1842,2.9767441860465116,0.9922480620155039,-1,8
50,3,3600.0,0.9885012919896641,0.0,8802,7651,89,6825,826,817,0.0,0.0,1.132893772893773,-1,0.0,0.98531211750306,6930.333333333333,78584.0,810.6666666666666,100.2052,2.9767441860465116,0.9922480620155039,-1,9
50,3,3600.0,0.9885116819413967,0.0,8802,7658,89,6830,828,817,0.0,0.0,1.1576866764275255,-1,0.0,0.98531211750306,7654.666666666667,84540.66666666667,811.0,105.7812,2.9779681762545898,0.99265605875153,-1,10
50,3,3600.0,0.9885190918472653,0.0,8802,7663,89,6830,833,817,0.0,0.0,1.191800878477306,-1,0.0,0.98531211750306,8376.666666666666,90549.0,811.0,109.3318,2.9779681762545898,0.99265605875153,-1,11
50,3,3600.0,0.988239855259757,0.0,8802,7647,91,6811,836,816,0.0,0.0,1.2422551754514755,-1,0.0,0.9852941176470589,9080.666666666666,95268.66666666667,810.0,116.6947,2.9779411764705883,0.9926470588235294,-1,12
50,3,3600.0,0.9885190918472653,0.0,8802,7663,89,6829,834,817,0.0,0.0,1.2278518084639038,-1,0.0,0.9828641370869033,9812.0,100209.0,809.0,118.7933,2.97062423500612,0.9902080783353733,-1,13
50,3,3600.0,0.9885383129426916,0.0,8802,7676,89,6825,851,817,0.0,0.0,1.2697435897435898,-1,0.0,0.9840881272949816,10486.666666666666,103506.0,810.0,125.0091,2.974296205630355,0.9914320685434516,-1,14
50,3,3600.0,0.9882671480144405,0.0,8802,7665,91,6825,840,817,0.0,0.0,1.2395604395604396,-1,0.0,0.9840881272949816,11168.666666666666,106795.66666666667,810.0,134.2474,2.974296205630355,0.9914320685434516,-1,15
50,4,3600.0,0.997955256194371,0.0,8875,8297,17,7414,883,882,0.0,0.0,1.0173995144321555,-1,0.0,0.891156462585034,823.5,13244.5,827.0,712.1714,3.750566893424036,0.937641723356009,-1,1
50,4,3600.0,0.9987996639058937,0.0,8875,8321,10,7434,887,882,0.0,0.0,1.0209846650524617,-1,0.0,0.9421768707482994,1686.5,27805.0,849.25,342.5978,3.8514739229024944,0.9628684807256236,-1,2
50,4,3600.0,0.9990389235944258,0.0,8875,8316,8,7433,883,881,0.0,0.0,1.0212565585900713,-1,0.0,0.960272417707151,2548.25,41651.0,860.75,264.6629,3.9080590238365494,0.9770147559591373,-1,3
50,4,3600.0,0.9991592601489311,0.0,8875,8319,7,7438,881,879,0.0,0.0,1.0207044904544231,-1,0.0,0.9738339021615472,3400.75,54819.25,867.0,235.3495,3.945392491467577,0.9863481228668942,-1,4
50,4,3600.0,0.9992794523838117,0.0,8875,8321,6,7441,880,879,0.0,0.0,1.0272812793979305,-1,0.0,0.9795221843003413,4236.0,67735.75,871.0,216.7075,3.963594994311718,0.9908987485779295,-1,5
50,4,3600.0,0.9992794523838117,0.0,8875,8321,6,7437,884,879,0.0,0.0,1.0336157052574964,-1,0.0,0.9795221843003413,5050.5,79514.75,871.25,209.0288,3.9647326507394767,0.9911831626848692,-1,6
50,4,3600.0,0.9993998319529468,0.0,8875,8326,5,7440,886,879,0.0,0.0,1.0385752688172043,-1,0.0,0.9795221843003413,5857.5,90623.75,871.5,199.5462,3.9658703071672354,0.9914675767918089,-1,7
50,4,3600.0,0.9993995436531764,0.0,8875,8322,5,7438,884,879,0.0,0.0,1.0461145469212154,-1,0.0,0.9795221843003413,6667.5,101783.75,869.0,196.2245,3.9544937428896474,0.9886234357224118,-1,8
50,4,3600.0,0.9991591591591592,0.0,8875,8318,7,7436,882,879,0.0,0.0,1.0570199031737493,-1,0.0,0.9795221843003413,7449.25,111130.0,869.0,195.8466,3.9544937428896474,0.9886234357224118,-1,9
50,4,3600.0,0.9993996878376756,0.0,8875,8324,5,7438,886,879,0.0,0.0,1.069373487496639,-1,0.0,0.9795221843003413,8222.0,119110.5,869.0,198.1175,3.9544937428896474,0.9886234357224118,-1,10
50,4,3600.0,0.9992793658419409,0.0,8875,8320,6,7438,882,879,0.0,0.0,1.0808012906695348,-1,0.0,0.9772468714448237,8955.0,125966.25,868.5,203.1719,3.95221843003413,0.9880546075085325,-1,11
50,4,3600.0,0.9992792792792793,0.0,8875,8319,6,7435,884,879,0.0,0.0,1.0676529926025555,-1,0.0,0.9761092150170648,9698.75,131673.75,868.25,207.6510,3.9510807736063707,0.9877701934015927,-1,12
50,4,3600.0,0.9991594620557157,0.0,8875,8321,7,7435,886,879,0.0,0.0,1.0880968392737054,-1,0.0,0.9795221843003413,10373.75,135576.0,869.0,209.9239,3.9544937428896474,0.9886234357224118,-1,13
50,4,3600.0,0.999279711884754,0.0,8875,8324,6,7436,888,879,0.0,0.0,1.0886229155459926,-1,0.0,0.9795221843003413,10971.25,138274.0,869.0,209.8271,3.9544937428896474,0.9886234357224118,-1,14
50,4,3600.0,0.9990398463754201,0.0,8875,8324,8,7434,890,879,0.0,0.0,1.0899919289749798,-1,0.0,0.9795221843003413,11361.75,139296.5,869.0,215.9424,3.9544937428896474,0.9886234357224118,-1,15
50,5,3600.0,0.9985052316890882,0.0,9131,8684,13,7776,908,907,0.0,0.0,1.0006430041152263,-1,0.0,0.9117971334068358,849.0,16676.2,854.0,779.9185,4.7078280044101435,0.9415656008820287,-1,1
50,5,3600.0,0.9996558054153282,0.0,9131,8713,3,7805,908,907,0.0,0.0,1.0007687379884689,-1,0.0,0.9492833517089305,1744.8,34910.8,877.2,439.2984,4.835722160970231,0.9671444321940463,-1,2
50,5,3600.0,0.9997706947947719,0.0,9131,8720,2,7812,908,907,0.0,0.0,1.0006400409626217,-1,0.0,0.9536934950385888,2617.4,51816.8,879.2,364.8504,4.846747519294377,0.9693495038588754,-1,3
50,5,3600.0,0.9996560816232948,0.0,9131,8720,3,7812,908,907,0.0,0.0,1.001536098310292,-1,0.0,0.9647188533627343,3494.4,68430.8,887.4,334.7467,4.8919514884233735,0.9783902976846747,-1,4
50,5,3600.0,0.9998853342506593,0.0,9131,8720,1,7813,907,907,0.0,0.0,1.003071803404582,-1,0.0,0.9724366041896362,4371.8,84033.4,893.2,319.1485,4.923925027563396,0.9847850055126791,-1,5
50,5,3600.0,0.9997706685013187,0.0,9131,8719,2,7811,908,907,0.0,0.0,1.008961720650365,-1,0.0,0.9735391400220507,5214.6,98457.8,892.4,309.8010,4.919514884233737,0.9839029768467474,-1,6
50,5,3600.0,0.9997706947947719,0.0,9131,8720,2,7813,907,907,0.0,0.0,1.012159221809804,-1,0.0,0.9757442116868799,6050.0,111508.6,894.2,306.4821,4.929437706725468,0.9858875413450937,-1,7
50,5,3600.0,0.9996560816232948,0.0,9131,8720,3,7813,907,907,0.0,0.0,1.015998976065532,-1,0.0,0.9768467475192943,6859.4,123211.2,893.6,302.1555,4.926130099228225,0.9852260198456451,-1,8
50,5,3600.0,0.999541547277937,0.0,9131,8721,4,7812,909,907,0.0,0.0,1.0212493599590373,-1,0.0,0.9779492833517089,7632.0,132490.0,893.8,301.6663,4.92723263506064,0.985446527012128,-1,9
50,5,3600.0,0.9998853868194842,0.0,9131,8724,1,7817,907,907,0.0,0.0,1.031214020724063,-1,0.0,0.9779492833517089,8334.8,139512.2,894.0,300.7165,4.928335170893054,0.9856670341786108,-1,10
50,5,3600.0,1.0,0.0,9131,8724,0,7816,908,907,0.0,0.0,1.0331371545547594,-1,0.0,0.9779492833517089,8769.2,142673.4,893.8,297.8947,4.92723263506064,0.985446527012128,-1,11
50,5,3600.0,1.0,0.0,9131,8725,0,7816,909,907,0.0,0.0,1.039790174002047,-1,0.0,0.9779492833517089,8903.4,143419.2,895.8,302.1361,4.938257993384785,0.9876515986769571,-1,12
50,5,3600.0,1.0,0.0,9131,8731,0,7817,914,907,0.0,0.0,1.040808494307279,-1,0.0,0.9779492833517089,8926.6,144005.0,896.8,299.2132,4.943770672546858,0.9887541345093716,-1,13
50,5,3600.0,1.0,0.0,9131,8729,0,7816,913,907,0.0,0.0,1.0418372569089047,-1,0.0,0.9779492833517089,8869.0,144411.8,896.8,302.2018,4.943770672546858,0.9887541345093716,-1,14
50,5,3600.0,0.9998854393401306,0.0,9131,8728,1,7819,909,907,0.0,0.0,1.044506970200793,-1,0.0,0.980154355016538,8854.2,144767.4,898.6,303.6820,4.953693495038589,0.9907386990077178,-1,15
50,6,3600.0,0.9987474379412434,0.0,9212,8771,11,7842,929,926,0.0,0.0,1.0192552920173426,-1,0.0,0.8941684665226782,861.8333333333334,19655.166666666668,867.0,792.8711,5.617710583153348,0.9362850971922246,-1,1
50,6,3600.0,0.9996590521650187,0.0,9212,8796,3,7861,935,926,0.0,0.0,1.0230250604248823,-1,0.0,0.9395248380129589,1775.0,39909.333333333336,893.6666666666666,464.1847,5.790496760259179,0.9650827933765299,-1,2
50,6,3600.0,0.9996590134121391,0.0,9212,8795,3,7864,931,926,0.0,0.0,1.027466937945066,-1,0.0,0.9514038876889849,2672.0,58802.666666666664,900.3333333333334,383.3154,5.833693304535637,0.9722822174226061,-1,3
50,6,3600.0,1.0,0.0,9212,8797,0,7866,931,926,0.0,0.0,1.0321637426900585,-1,0.0,0.9568034557235421,3552.3333333333335,76705.0,902.5,355.9462,5.847732181425486,0.974622030237581,-1,4
50,6,3600.0,0.9998863248834831,0.0,9212,8796,1,7866,930,926,0.0,0.0,1.033307907449784,-1,0.0,0.9676025917926566,4450.666666666667,93462.16666666667,910.3333333333334,344.1441,5.898488120950324,0.9830813534917207,-1,5
50,6,3600.0,1.0,0.0,9212,8810,0,7871,939,926,0.0,0.0,1.0433235929360944,-1,0.0,0.968682505399568,5302.166666666667,108533.33333333333,913.1666666666666,333.2245,5.916846652267819,0.9861411087113031,-1,6
50,6,3600.0,0.9998863378040463,0.0,9212,8797,1,7866,931,926,0.0,0.0,1.0518688024408849,-1,0.0,0.9708423326133909,6137.5,121597.0,912.0,331.6824,5.909287257019439,0.9848812095032398,-1,7
50,6,3600.0,1.0,0.0,9212,8797,0,7866,931,926,0.0,0.0,1.045766590389016,-1,0.0,0.9740820734341252,6932.0,132051.66666666666,913.3333333333334,331.3942,5.91792656587473,0.986321094312455,-1,8
50,6,3600.0,1.0,0.0,9212,8798,0,7867,931,926,0.0,0.0,1.0498283971018176,-1,0.0,0.9751619870410367,7606.666666666667,139028.33333333334,913.1666666666666,332.8979,5.916846652267819,0.9861411087113031,-1,9
50,6,3600.0,1.0,0.0,9212,8802,0,7871,931,926,0.0,0.0,1.0642866217761402,-1,0.0,0.9751619870410367,7976.666666666667,141908.66666666666,916.0,335.5249,5.935205183585313,0.9892008639308855,-1,10
50,6,3600.0,1.0,0.0,9212,8807,0,7872,935,926,0.0,0.0,1.0655487804878048,-1,0.0,0.9751619870410367,8161.0,142892.83333333334,915.5,333.2175,5.931965442764579,0.9886609071274298,-1,11
50,6,3600.0,1.0,0.0,9212,8802,0,7869,933,926,0.0,0.0,1.063032151480493,-1,0.0,0.9751619870410367,8252.166666666666,143263.83333333334,916.3333333333334,335.3037,5.9373650107991365,0.9895608351331894,-1,12
50,6,3600.0,1.0,0.0,9212,8810,0,7873,937,926,0.0,0.0,1.0762098310682078,-1,0.0,0.9751619870410367,8277.0,143674.66666666666,916.5,334.9235,5.938444924406047,0.9897408207343412,-1,13
50,6,3600.0,1.0,0.0,9212,8810,0,7870,940,926,0.0,0.0,1.0698856416772553,-1,0.0,0.9751619870410367,8262.666666666666,143907.5,916.5,338.7255,5.938444924406047,0.9897408207343412,-1,14
50,6,3600.0,1.0,0.0,9212,8802,0,7871,931,926,0.0,0.0,1.076737390420531,-1,0.0,0.9751619870410367,8266.166666666666,144172.16666666666,916.5,334.5779,5.938444924406047,0.9897408207343412,-1,15
50,7,3600.0,0.9994530737256618,0.0,9419,9137,5,8180,957,950,0.0,0.0,1.0167481662591686,-1,0.0,0.911578947368421,892.7142857142857,22968.85714285714,895.5714285714286,900.2468,6.598947368421053,0.9427067669172933,-1,1
50,7,3600.0,0.9997815401419989,0.0,9419,9153,2,8199,954,950,0.0,0.0,1.0195145749481644,-1,0.0,0.94,1813.4285714285713,46306.71428571428,913.7142857142857,595.8409,6.732631578947369,0.9618045112781956,-1,2
50,7,3600.0,1.0,0.0,9419,9160,0,8204,956,950,0.0,0.0,1.0191370063383716,-1,0.0,0.9473684210526315,2726.8571428571427,68118.85714285714,920.1428571428571,523.9049,6.78,0.9685714285714286,-1,3
50,7,3600.0,0.9998907342657343,0.0,9419,9151,1,8199,952,950,0.0,0.0,1.0185388462007563,-1,0.0,0.9484210526315789,3626.0,88220.71428571429,922.2857142857143,493.4736,6.79578947368421,0.9708270676691729,-1,4
50,7,3600.0,0.9998907581385187,0.0,9419,9153,1,8200,953,950,0.0,0.0,1.0220731707317072,-1,0.0,0.96,4519.428571428572,106717.71428571429,927.2857142857143,482.3912,6.832631578947368,0.9760902255639098,-1,5
50,7,3600.0,1.0,0.0,9419,9156,0,8202,954,950,0.0,0.0,1.0265788831992197,-1,0.0,0.9589473684210527,5382.285714285715,123121.14285714286,927.8571428571429,473.7619,6.836842105263158,0.9766917293233083,-1,6
50,7,3600.0,1.0,0.0,9419,9157,0,8200,957,950,0.0,0.0,1.0265853658536586,-1,0.0,0.9557894736842105,6197.0,135542.42857142858,927.4285714285714,470.5551,6.833684210526315,0.9762406015037594,-1,7
50,7,3600.0,1.0,0.0,9419,9164,0,8205,959,950,0.0,0.0,1.0302254722730042,-1,0.0,0.9557894736842105,6743.285714285715,142849.7142857143,927.5714285714286,466.3481,6.834736842105263,0.976390977443609,-1,8
50,7,3600.0,0.9998908654370839,0.0,9419,9162,1,8205,957,950,0.0,0.0,1.0354661791590494,-1,0.0,0.9568421052631579,6869.714285714285,144553.85714285713,927.7142857142857,465.7816,6.83578947368421,0.9765413533834586,-1,9
50,7,3600.0,1.0,0.0,9419,9161,0,8204,957,950,0.0,0.0,1.0365675280351048,-1,0.0,0.96,6926.428571428572,145287.85714285713,928.7142857142857,465.3607,6.843157894736842,0.9775939849624059,-1,10
50,7,3600.0,1.0,0.0,9419,9166,0,8206,960,950,0.0,0.0,1.0394833048988545,-1,0.0,0.9610526315789474,6938.571428571428,145735.7142857143,928.8571428571429,462.7814,6.8442105263157895,0.9777443609022557,-1,11
50,7,3600.0,1.0,0.0,9419,9159,0,8205,954,950,0.0,0.0,1.0396099939061547,-1,0.0,0.96,6946.285714285715,146051.7142857143,928.7142857142857,461.2114,6.843157894736842,0.9775939849624059,-1,12
50,7,3600.0,1.0,0.0,9419,9159,0,8205,954,950,0.0,0.0,1.0385131017672151,-1,0.0,0.9610526315789474,6922.0,146226.2857142857,928.8571428571429,462.8744,6.8442105263157895,0.9777443609022557,-1,13
50,7,3600.0,1.0,0.0,9419,9161,0,8206,955,950,0.0,0.0,1.035339995125518,-1,0.0,0.9589473684210527,6927.142857142857,146408.85714285713,928.2857142857143,462.6608,6.84,0.9771428571428571,-1,14
50,7,3600.0,1.0,0.0,9419,9162,0,8207,955,950,0.0,0.0,1.0344827586206897,-1,0.0,0.9610526315789474,6916.571428571428,146522.0,928.8571428571429,462.4015,6.8442105263157895,0.9777443609022557,-1,15
50,8,3600.0,0.9990425531914894,0.0,9631,9391,9,8430,961,958,0.0,0.0,1.0099644128113878,-1,0.0,0.9133611691022965,903.0,25100.125,906.375,933.6145,7.568893528183716,0.9461116910229646,-1,1
50,8,3600.0,0.9998937639434824,0.0,9631,9412,1,8452,960,958,0.0,0.0,1.0104117368670138,-1,0.0,0.9509394572025052,1841.375,50791.75,927.125,623.6142,7.742171189979123,0.9677713987473904,-1,2
50,8,3600.0,0.9998938203440221,0.0,9631,9417,1,8457,960,958,0.0,0.0,1.0124157502660518,-1,0.0,0.9551148225469729,2770.0,74658.375,933.25,550.3709,7.793319415448852,0.9741649269311065,-1,3
50,8,3600.0,0.9997875278869648,0.0,9631,9411,2,8452,959,958,0.0,0.0,1.0128963558920965,-1,0.0,0.9582463465553236,3684.5,95953.0,937.125,524.5180,7.825678496868476,0.9782098121085595,-1,4
50,8,3600.0,0.9998938541556098,0.0,9631,9420,1,8457,963,958,0.0,0.0,1.014898900319262,-1,0.0,0.9676409185803758,4570.25,114616.375,940.25,507.5725,7.851774530271399,0.9814718162839249,-1,5
50,8,3600.0,0.9997877083112197,0.0,9631,9419,2,8456,963,958,0.0,0.0,1.0191579943235571,-1,0.0,0.9697286012526096,5379.625,129056.75,940.5,501.2576,7.853862212943633,0.9817327766179541,-1,6
50,8,3600.0,0.9997876632338889,0.0,9631,9417,2,8455,962,958,0.0,0.0,1.0240094618568893,-1,0.0,0.9707724425887265,5851.75,136085.125,940.75,495.8552,7.855949895615867,0.9819937369519833,-1,7
50,8,3600.0,0.9997877533694153,0.0,9631,9421,2,8458,963,958,0.0,0.0,1.031213052731142,-1,0.0,0.9707724425887265,5954.75,138434.0,940.75,491.8703,7.855949895615867,0.9819937369519833,-1,8
50,8,3600.0,0.9997877083112197,0.0,9631,9419,2,8458,961,958,0.0,0.0,1.030621896429416,-1,0.0,0.9697286012526096,5990.0,139456.0,940.625,491.4952,7.854906054279749,0.9818632567849687,-1,9
50,8,3600.0,0.9997877308427086,0.0,9631,9420,2,8457,963,958,0.0,0.0,1.0368925150762682,-1,0.0,0.9707724425887265,6010.875,139984.125,940.75,487.7735,7.855949895615867,0.9819937369519833,-1,10
50,8,3600.0,0.9997877308427086,0.0,9631,9420,2,8459,961,958,0.0,0.0,1.0271899751743705,-1,0.0,0.9697286012526096,6010.25,140304.875,940.5,487.3983,7.853862212943633,0.9817327766179541,-1,11
50,8,3600.0,0.9996815624668294,0.0,9631,9418,3,8457,961,958,0.0,0.0,1.0333451578573962,-1,0.0,0.9707724425887265,6005.5,140569.75,940.75,487.7841,7.855949895615867,0.9819937369519833,-1,12
50,8,3600.0,0.9997877083112197,0.0,9631,9419,2,8457,962,958,0.0,0.0,1.027196405344685,-1,0.0,0.9707724425887265,6003.5,140782.625,940.75,487.2349,7.855949895615867,0.9819937369519833,-1,13
50,8,3600.0,0.9997877533694153,0.0,9631,9421,2,8459,962,958,0.0,0.0,1.028963234424873,-1,0.0,0.9707724425887265,5984.75,140900.75,940.75,488.3094,7.855949895615867,0.9819937369519833,-1,14
50,8,3600.0,0.9997877533694153,0.0,9631,9421,2,8459,962,958,0.0,0.0,1.030972928242109,-1,0.0,0.9697286012526096,5985.5,141057.25,940.5,487.7169,7.853862212943633,0.9817327766179541,-1,15
50,9,3600.0,0.9996848408446265,0.0,9749,9516,3,8541,975,975,0.0,0.0,1.007961597002693,-1,0.0,0.9312820512820513,925.6666666666666,27878.222222222223,930.4444444444445,930.8945,8.58871794871795,0.9543019943019944,-1,1
50,9,3600.0,0.999895002099958,0.0,9749,9523,1,8548,975,975,0.0,0.0,1.0122835751052879,-1,0.0,0.96,1888.4444444444443,55788.88888888889,951.4444444444445,634.0249,8.782564102564102,0.9758404558404558,-1,2
50,9,3600.0,0.9998950792151925,0.0,9749,9530,1,8554,976,975,0.0,0.0,1.0115735328501285,-1,0.0,0.9651282051282051,2828.6666666666665,81324.88888888889,955.1111111111111,559.6699,8.816410256410256,0.9796011396011396,-1,3
50,9,3600.0,1.0,0.0,9749,9526,0,8550,976,975,0.0,0.0,1.0099415204678364,-1,0.0,0.9661538461538461,3751.4444444444443,104391.11111111111,957.2222222222222,533.2794,8.835897435897436,0.9817663817663819,-1,4
50,9,3600.0,1.0,0.0,9749,9527,0,8551,976,975,0.0,0.0,1.0142673371535493,-1,0.0,0.9671794871794872,4618.0,122964.77777777778,957.3333333333334,519.3975,8.836923076923076,0.9818803418803418,-1,5
50,9,3600.0,1.0,0.0,9749,9534,0,8556,978,975,0.0,0.0,1.0146096306685366,-1,0.0,0.9682051282051282,5218.888888888889,133933.0,957.6666666666666,511.5227,8.84,0.9822222222222222,-1,6
50,9,3600.0,1.0,0.0,9749,9533,0,8556,977,975,0.0,0.0,1.0188172043010753,-1,0.0,0.9682051282051282,5329.333333333333,136739.66666666666,958.1111111111111,507.1592,8.844102564102563,0.9826780626780626,-1,7
50,9,3600.0,0.9998950682056663,0.0,9749,9529,1,8552,977,975,0.0,0.0,1.0260757717492983,-1,0.0,0.9682051282051282,5363.777777777777,137738.44444444444,958.0,505.1758,8.843076923076923,0.9825641025641025,-1,8
50,9,3600.0,1.0,0.0,9749,9528,0,8553,975,975,0.0,0.0,1.0224482637670993,-1,0.0,0.9702564102564103,5386.222222222223,138143.88888888888,958.2222222222222,503.8433,8.845128205128205,0.9827920227920228,-1,9
50,9,3600.0,1.0,0.0,9749,9529,0,8551,978,975,0.0,0.0,1.023038241141387,-1,0.0,0.9671794871794872,5392.444444444444,138407.0,957.8888888888889,504.2712,8.842051282051282,0.9824501424501424,-1,10
50,9,3600.0,1.0,0.0,9749,9524,0,8548,976,975,0.0,0.0,1.021408516612073,-1,0.0,0.9671794871794872,5389.666666666667,138630.77777777778,958.0,502.4411,8.843076923076923,0.9825641025641025,-1,11
50,9,3600.0,1.0,0.0,9749,9531,0,8553,978,975,0.0,0.0,1.0180053782298608,-1,0.0,0.9671794871794872,5387.444444444444,138755.55555555556,958.0,503.1843,8.843076923076923,0.9825641025641025,-1,12
50,9,3600.0,1.0,0.0,9749,9527,0,8550,977,975,0.0,0.0,1.0208187134502924,-1,0.0,0.9671794871794872,5391.111111111111,138848.11111111112,957.8888888888889,501.5880,8.842051282051282,0.9824501424501424,-1,13
50,9,3600.0,1.0,0.0,9749,9532,0,8553,979,975,0.0,0.0,1.0198760668771192,-1,0.0,0.9671794871794872,5385.666666666667,138952.88888888888,958.0,501.2525,8.843076923076923,0.9825641025641025,-1,14
50,9,3600.0,0.999895046179681,0.0,9749,9527,1,8552,975,975,0.0,0.0,1.0204630495790459,-1,0.0,0.9671794871794872,5380.555555555556,139008.55555555556,957.8888888888889,503.6169,8.842051282051282,0.9824501424501424,-1,15
50,10,3600.0,1.0,0.0,9887,9716,0,8716,1000,998,0.0,0.0,1.0089490592014685,-1,0.0,0.9008016032064128,927.2,29571.2,933.0,1028.5551,9.348697394789578,0.9348697394789578,-1,1
50,10,3600.0,0.9998972567553683,0.0,9887,9732,1,8733,999,998,0.0,0.0,1.0108782777968626,-1,0.0,0.9378757515030061,1900.4,58988.4,957.9,706.9264,9.598196392785571,0.9598196392785571,-1,2
50,10,3600.0,1.0,0.0,9887,9739,0,8738,1001,998,0.0,0.0,1.0089265278095674,-1,0.0,0.9428857715430862,2850.1,85765.4,964.6,623.5844,9.665330661322646,0.9665330661322645,-1,3
50,10,3600.0,1.0,0.0,9887,9731,0,8731,1000,998,0.0,0.0,1.0103080975833238,-1,0.0,0.9428857715430862,3769.2,109083.3,966.9,595.6098,9.688376753507015,0.9688376753507015,-1,4
50,10,3600.0,1.0,0.0,9887,9736,0,8734,1002,998,0.0,0.0,1.0123654682848637,-1,0.0,0.9458917835671342,4588.7,126024.6,967.9,578.3499,9.698396793587174,0.9698396793587174,-1,5
50,10,3600.0,1.0,0.0,9887,9741,0,8740,1001,998,0.0,0.0,1.0139588100686499,-1,0.0,0.9488977955911824,4841.2,130870.5,968.6,567.6531,9.705410821643287,0.9705410821643288,-1,6
50,10,3600.0,1.0,0.0,9887,9737,0,8735,1002,998,0.0,0.0,1.0154550658271322,-1,0.0,0.9498997995991983,4889.4,132301.9,969.0,564.0079,9.70941883767535,0.9709418837675351,-1,7
50,10,3600.0,1.0,0.0,9887,9735,0,8735,1000,998,0.0,0.0,1.0147681740125931,-1,0.0,0.9498997995991983,4912.5,132898.7,969.0,563.3709,9.70941883767535,0.9709418837675351,-1,8
50,10,3600.0,1.0,0.0,9887,9735,0,8736,999,998,0.0,0.0,1.0147664835164836,-1,0.0,0.9498997995991983,4928.2,133261.4,969.0,562.3533,9.70941883767535,0.9709418837675351,-1,9
50,10,3600.0,0.9998972884141332,0.0,9887,9735,1,8736,999,998,0.0,0.0,1.0169413919413919,-1,0.0,0.9509018036072144,4926.5,133471.8,969.1,560.9052,9.710420841683367,0.9710420841683367,-1,10
50,10,3600.0,1.0,0.0,9887,9732,0,8733,999,998,0.0,0.0,1.0143135234169243,-1,0.0,0.9509018036072144,4925.6,133642.3,969.1,560.4251,9.710420841683367,0.9710420841683367,-1,11
50,10,3600.0,1.0,0.0,9887,9735,0,8734,1001,998,0.0,0.0,1.0156858255095031,-1,0.0,0.9509018036072144,4925.0,133787.3,969.1,559.4547,9.710420841683367,0.9710420841683367,-1,12
50,10,3600.0,1.0,0.0,9887,9732,0,8733,999,998,0.0,0.0,1.0128249169815642,-1,0.0,0.9509018036072144,4921.0,133826.6,969.1,562.2156,9.710420841683367,0.9710420841683367,-1,13
50,10,3600.0,1.0,0.0,9887,9733,0,8734,999,998,0.0,0.0,1.0140828944355393,-1,0.0,0.9488977955911824,4913.9,133921.9,968.9,562.5135,9.708416833667334,0.9708416833667334,-1,14
50,10,3600.0,1.0,0.0,9887,9733,0,8733,1000,998,0.0,0.0,1.0143135234169243,-1,0.0,0.9488977955911824,4915.4,134000.6,968.9,561.5612,9.708416833667334,0.9708416833667334,-1,15
50,11,3600.0,1.0,0.0,10101,9938,0,8915,1023,1020,0.0,0.0,1.0079641054402693,-1,0.0,0.8970588235294118,948.1818181818181,31892.545454545456,953.3636363636364,1036.3946,10.281372549019608,0.9346702317290553,-1,1
50,11,3600.0,1.0,0.0,10101,9948,0,8926,1022,1020,0.0,0.0,1.0101949361416087,-1,0.0,0.9254901960784314,1923.1818181818182,64177.36363636364,970.4545454545455,725.9823,10.465686274509803,0.9514260249554366,-1,2
50,11,3600.0,1.0,0.0,10101,9952,0,8930,1022,1020,0.0,0.0,1.00996640537514,-1,0.0,0.9323529411764706,2879.090909090909,92593.18181818182,975.2727272727273,653.4319,10.51764705882353,0.9561497326203209,-1,3
50,11,3600.0,1.0,0.0,10101,9950,0,8929,1021,1020,0.0,0.0,1.0106394893045134,-1,0.0,0.9352941176470588,3807.2727272727275,116155.18181818182,979.8181818181819,631.5170,10.566666666666666,0.9606060606060606,-1,4
50,11,3600.0,1.0,0.0,10101,9951,0,8931,1020,1019,0.0,0.0,1.0109730153398275,-1,0.0,0.9362119725220804,4424.636363636364,128587.90909090909,980.3636363636364,616.3445,10.582924435721296,0.9620840396110268,-1,5
50,11,3600.0,1.0,0.0,10101,9950,0,8930,1020,1019,0.0,0.0,1.0133258678611423,-1,0.0,0.9371933267909716,4509.909090909091,130911.27272727272,981.3636363636364,608.5223,10.593719332679097,0.9630653938799179,-1,6
50,11,3600.0,1.0,0.0,10101,9953,0,8931,1022,1020,0.0,0.0,1.0138842234912104,-1,0.0,0.9352941176470588,4538.0,131787.45454545456,981.5454545454545,603.9629,10.58529411764706,0.9622994652406418,-1,7
50,11,3600.0,1.0,0.0,10101,9958,0,8934,1024,1020,0.0,0.0,1.014327289008283,-1,0.0,0.9372549019607843,4535.363636363636,132301.18181818182,982.2727272727273,599.4505,10.593137254901961,0.9630124777183601,-1,8
50,11,3600.0,1.0,0.0,10101,9956,0,8933,1023,1020,0.0,0.0,1.0130975036381955,-1,0.0,0.9372549019607843,4537.272727272727,132536.18181818182,982.6363636363636,597.8299,10.597058823529412,0.9633689839572193,-1,9
50,11,3600.0,1.0,0.0,10101,9956,0,8932,1024,1020,0.0,0.0,1.0128750559785042,-1,0.0,0.9372549019607843,4543.636363636364,132677.36363636365,982.8181818181819,598.1130,10.599019607843138,0.9635472370766489,-1,10
50,11,3600.0,1.0,0.0,10101,9954,0,8932,1022,1020,0.0,0.0,1.0125391849529781,-1,0.0,0.9362745098039216,4540.272727272727,132806.0,982.5454545454545,595.2180,10.596078431372549,0.9632798573975044,-1,11
50,11,3600.0,1.0,0.0,10101,9950,0,8929,1021,1020,0.0,0.0,1.0128793817896742,-1,0.0,0.9362745098039216,4542.181818181818,132876.36363636365,982.4545454545455,596.1079,10.595098039215687,0.9631907308377897,-1,12
50,11,3600.0,1.0,0.0,10101,9954,0,8932,1022,1020,0.0,0.0,1.0133228840125392,-1,0.0,0.9362745098039216,4543.636363636364,133000.9090909091,982.3636363636364,595.3415,10.594117647058823,0.9631016042780748,-1,13
50,11,3600.0,1.0,0.0,10101,9953,0,8932,1021,1020,0.0,0.0,1.0138826690550828,-1,0.0,0.9362745098039216,4541.272727272727,132988.18181818182,982.6363636363636,597.1835,10.597058823529412,0.9633689839572193,-1,14
50,11,3600.0,1.0,0.0,10101,9955,0,8933,1022,1020,0.0,0.0,1.014440837344677,-1,0.0,0.9362745098039216,4542.818181818182,133038.45454545456,982.5454545454545,596.2738,10.596078431372549,0.9632798573975044,-1,15
50,12,3600.0,0.999900714853058,0.0,10224,10071,1,9024,1047,1043,0.0,0.0,1.008311170212766,-1,0.0,0.8811121764141898,963.5833333333334,33326.666666666664,970.0,1296.7825,11.160115052732502,0.9300095877277085,-1,1
50,12,3600.0,1.0,0.0,10224,10089,0,9045,1044,1043,0.0,0.0,1.0091763405196241,-1,0.0,0.9175455417066155,1961.9166666666667,66320.41666666667,989.6666666666666,876.0531,11.386385426653883,0.9488654522211569,-1,2
50,12,3600.0,1.0,0.0,10224,10094,0,9048,1046,1043,0.0,0.0,1.009394341290893,-1,0.0,0.9271332694151486,2931.75,95652.33333333333,995.5833333333334,778.5649,11.454458293384468,0.9545381911153723,-1,3
50,12,3600.0,0.9999009999009999,0.0,10224,10100,1,9052,1048,1043,0.0,0.0,1.010384445426425,-1,0.0,0.9328859060402684,3840.25,118126.08333333333,999.6666666666666,737.9534,11.50143815915628,0.9584531799296899,-1,4
50,12,3600.0,1.0,0.0,10224,10090,0,9045,1045,1043,0.0,0.0,1.0137092316196794,-1,0.0,0.9328859060402684,4176.083333333333,125184.58333333333,999.5833333333334,722.2948,11.500479386385427,0.9583732821987856,-1,5
50,12,3600.0,0.9999009312462849,0.0,10224,10093,1,9047,1046,1043,0.0,0.0,1.013816734829225,-1,0.0,0.9357622243528284,4212.25,126652.83333333333,1000.5833333333334,712.7440,11.511984659635667,0.9593320549696389,-1,6
50,12,3600.0,0.9999009410599307,0.0,10224,10094,1,9049,1045,1043,0.0,0.0,1.0143662283125208,-1,0.0,0.9357622243528284,4231.5,127278.25,1001.0,705.9425,11.516778523489933,0.959731543624161,-1,7
50,12,3600.0,1.0,0.0,10224,10105,0,9057,1048,1043,0.0,0.0,1.0125869493209672,-1,0.0,0.9357622243528284,4235.5,127615.0,1000.5,703.8538,11.511025886864813,0.9592521572387344,-1,8
50,12,3600.0,1.0,0.0,10224,10098,0,9050,1048,1043,0.0,0.0,1.0113812154696133,-1,0.0,0.9367209971236817,4241.333333333333,127850.0,1001.0833333333334,699.2467,11.517737296260787,0.9598114413550656,-1,9
50,12,3600.0,1.0,0.0,10224,10100,0,9054,1046,1043,0.0,0.0,1.0107134967969957,-1,0.0,0.9357622243528284,4242.25,127940.58333333333,1001.0833333333334,698.9904,11.517737296260787,0.9598114413550656,-1,10
50,12,3600.0,1.0,0.0,10224,10100,0,9054,1046,1043,0.0,0.0,1.011486635741109,-1,0.0,0.9367209971236817,4253.083333333333,128022.66666666667,1001.5833333333334,697.6979,11.523489932885907,0.9602908277404922,-1,11
50,12,3600.0,1.0,0.0,10224,10096,0,9051,1045,1043,0.0,0.0,1.0125952933377527,-1,0.0,0.9357622243528284,4248.416666666667,128100.91666666667,1001.3333333333334,696.6999,11.520613614573346,0.9600511345477788,-1,12
50,12,3600.0,1.0,0.0,10224,10093,0,9048,1045,1043,0.0,0.0,1.012709991158267,-1,0.0,0.9367209971236817,4247.5,128138.08333333333,1001.4166666666666,696.7265,11.5215723873442,0.9601310322786833,-1,13
50,12,3600.0,1.0,0.0,10224,10095,0,9049,1046,1043,0.0,0.0,1.0109404354072273,-1,0.0,0.9367209971236817,4251.166666666667,128145.0,1001.5833333333334,696.7958,11.523489932885907,0.9602908277404922,-1,14
50,12,3600.0,1.0,0.0,10224,10097,0,9052,1045,1043,0.0,0.0,1.0119310649580204,-1,0.0,0.9357622243528284,4252.833333333333,128186.33333333333,1001.3333333333334,698.1294,11.520613614573346,0.9600511345477788,-1,15
50,13,3600.0,0.9999028465947731,0.0,10424,10292,1,9224,1068,1066,0.0,0.0,1.010949696444059,-1,0.0,0.8705440900562852,981.5384615384615,34807.230769230766,988.7692307692307,1353.2995,12.058161350844278,0.9275508731418676,-1,1
50,13,3600.0,1.0,0.0,10424,10307,0,9239,1068,1066,0.0,0.0,1.008767182595519,-1,0.0,0.900562851782364,1998.3076923076924,69288.07692307692,1010.9230769230769,938.5835,12.328330206378986,0.9483330927983835,-1,2
50,13,3600.0,1.0,0.0,10424,10308,0,9241,1067,1066,0.0,0.0,1.01028027269776,-1,0.0,0.9071294559099438,2962.6153846153848,98621.0,1016.2307692307693,827.5937,12.393058161350844,0.9533121662577572,-1,3
50,13,3600.0,0.9999029879705084,0.0,10424,10307,1,9240,1067,1066,0.0,0.0,1.0133116883116884,-1,0.0,0.9136960600375235,3753.076923076923,117761.69230769231,1020.3076923076923,785.1232,12.442776735459661,0.9571366719584355,-1,4
50,13,3600.0,0.9999030538051381,0.0,10424,10314,1,9246,1068,1066,0.0,0.0,1.0133030499675535,-1,0.0,0.9146341463414634,3931.6153846153848,122277.0,1021.7692307692307,766.1371,12.460600375234522,0.9585077211718863,-1,5
50,13,3600.0,0.9999030067895247,0.0,10424,10309,1,9241,1068,1066,0.0,0.0,1.0119034736500379,-1,0.0,0.9155722326454033,3963.0,123509.92307692308,1022.6923076923077,753.7644,12.471857410881801,0.9593736469909078,-1,6
50,13,3600.0,1.0,0.0,10424,10312,0,9243,1069,1066,0.0,0.0,1.0142810775722169,-1,0.0,0.9174484052532833,3985.4615384615386,124023.69230769231,1023.0769230769231,747.8588,12.476547842401501,0.9597344494155001,-1,7
50,13,3600.0,1.0,0.0,10424,10303,0,9236,1067,1066,0.0,0.0,1.0158077089649198,-1,0.0,0.9165103189493433,3989.769230769231,124306.69230769231,1022.9230769230769,747.5517,12.47467166979362,0.9595901284456632,-1,8
50,13,3600.0,1.0,0.0,10424,10308,0,9240,1068,1066,0.0,0.0,1.0145021645021646,-1,0.0,0.9174484052532833,3992.0,124481.07692307692,1023.1538461538462,744.7693,12.477485928705441,0.9598066099004186,-1,9
50,13,3600.0,1.0,0.0,10424,10308,0,9240,1068,1066,0.0,0.0,1.0135281385281385,-1,0.0,0.9165103189493433,3996.0,124592.69230769231,1023.1538461538462,745.0099,12.477485928705441,0.9598066099004186,-1,10
50,13,3600.0,1.0,0.0,10424,10303,0,9235,1068,1066,0.0,0.0,1.01591770438549,-1,0.0,0.9165103189493433,3995.6153846153848,124647.30769230769,1023.0769230769231,745.0424,12.476547842401501,0.9597344494155001,-1,11
50,13,3600.0,0.9999029879705084,0.0,10424,10307,1,9238,1069,1066,0.0,0.0,1.0175362632604459,-1,0.0,0.9174484052532833,3996.923076923077,124703.23076923077,1023.6153846153846,745.0362,12.48311444652908,0.9602395728099293,-1,12
50,13,3600.0,1.0,0.0,10424,10305,0,9238,1067,1066,0.0,0.0,1.016778523489933,-1,0.0,0.9174484052532833,3998.6923076923076,124733.38461538461,1023.6153846153846,743.9890,12.48311444652908,0.9602395728099293,-1,13
50,13,3600.0,1.0,0.0,10424,10306,0,9237,1069,1066,0.0,0.0,1.0159142578759337,-1,0.0,0.9174484052532833,4001.0,124762.53846153847,1024.076923076923,743.5583,12.48874296435272,0.96067253571944,-1,14
50,13,3600.0,1.0,0.0,10424,10311,0,9243,1068,1066,0.0,0.0,1.0148220274802553,-1,0.0,0.9183864915572233,3998.076923076923,124755.76923076923,1023.3076923076923,745.9864,12.47936210131332,0.9599509308702554,-1,15
50,13,3600.0,0.9999028465947731,0.0,10424,10292,1,9224,1068,1066,0.0,0.0,1.010949696444059,-1,0.0,0.8705440900562852,981.5384615384615,34807.230769230766,988.7692307692307,1353.2995,12.058161350844278,0.9275508731418676,-1,1
50,13,3600.0,1.0,0.0,10424,10307,0,9239,1068,1066,0.0,0.0,1.008767182595519,-1,0.0,0.900562851782364,1998.3076923076924,69288.07692307692,1010.9230769230769,938.5835,12.328330206378986,0.9483330927983835,-1,2
50,13,3600.0,1.0,0.0,10424,10308,0,9241,1067,1066,0.0,0.0,1.01028027269776,-1,0.0,0.9071294559099438,2962.6153846153848,98621.0,1016.2307692307693,827.5937,12.393058161350844,0.9533121662577572,-1,3
50,13,3600.0,0.9999029879705084,0.0,10424,10307,1,9240,1067,1066,0.0,0.0,1.0133116883116884,-1,0.0,0.9136960600375235,3753.076923076923,117761.69230769231,1020.3076923076923,785.1232,12.442776735459661,0.9571366719584355,-1,4
50,13,3600.0,0.9999030538051381,0.0,10424,10314,1,9246,1068,1066,0.0,0.0,1.0133030499675535,-1,0.0,0.9146341463414634,3931.6153846153848,122277.0,1021.7692307692307,766.1371,12.460600375234522,0.9585077211718863,-1,5
50,13,3600.0,0.9999030067895247,0.0,10424,10309,1,9241,1068,1066,0.0,0.0,1.0119034736500379,-1,0.0,0.9155722326454033,3963.0,123509.92307692308,1022.6923076923077,753.7644,12.471857410881801,0.9593736469909078,-1,6
50,13,3600.0,1.0,0.0,10424,10312,0,9243,1069,1066,0.0,0.0,1.0142810775722169,-1,0.0,0.9174484052532833,3985.4615384615386,124023.69230769231,1023.0769230769231,747.8588,12.476547842401501,0.9597344494155001,-1,7
50,13,3600.0,1.0,0.0,10424,10303,0,9236,1067,1066,0.0,0.0,1.0158077089649198,-1,0.0,0.9165103189493433,3989.769230769231,124306.69230769231,1022.9230769230769,747.5517,12.47467166979362,0.9595901284456632,-1,8
50,13,3600.0,1.0,0.0,10424,10308,0,9240,1068,1066,0.0,0.0,1.0145021645021646,-1,0.0,0.9174484052532833,3992.0,124481.07692307692,1023.1538461538462,744.7693,12.477485928705441,0.9598066099004186,-1,9
50,13,3600.0,1.0,0.0,10424,10308,0,9240,1068,1066,0.0,0.0,1.0135281385281385,-1,0.0,0.9165103189493433,3996.0,124592.69230769231,1023.1538461538462,745.0099,12.477485928705441,0.9598066099004186,-1,10
50,13,3600.0,1.0,0.0,10424,10303,0,9235,1068,1066,0.0,0.0,1.01591770438549,-1,0.0,0.9165103189493433,3995.6153846153848,124647.30769230769,1023.0769230769231,745.0424,12.476547842401501,0.9597344494155001,-1,11
50,13,3600.0,0.9999029879705084,0.0,10424,10307,1,9238,1069,1066,0.0,0.0,1.0175362632604459,-1,0.0,0.9174484052532833,3996.923076923077,124703.23076923077,1023.6153846153846,745.0362,12.48311444652908,0.9602395728099293,-1,12
50,13,3600.0,1.0,0.0,10424,10305,0,9238,1067,1066,0.0,0.0,1.016778523489933,-1,0.0,0.9174484052532833,3998.6923076923076,124733.38461538461,1023.6153846153846,743.9890,12.48311444652908,0.9602395728099293,-1,13
50,13,3600.0,1.0,0.0,10424,10306,0,9237,1069,1066,0.0,0.0,1.0159142578759337,-1,0.0,0.9174484052532833,4001.0,124762.53846153847,1024.076923076923,743.5583,12.48874296435272,0.96067253571944,-1,14
50,13,3600.0,1.0,0.0,10424,10311,0,9243,1068,1066,0.0,0.0,1.0148220274802553,-1,0.0,0.9183864915572233,3998.076923076923,124755.76923076923,1023.3076923076923,745.9864,12.47936210131332,0.9599509308702554,-1,15
50,13,3600.0,0.9999028465947731,0.0,10424,10292,1,9224,1068,1066,0.0,0.0,1.010949696444059,-1,0.0,0.8705440900562852,981.5384615384615,34807.230769230766,988.7692307692307,1353.2995,12.058161350844278,0.9275508731418676,-1,1
50,13,3600.0,1.0,0.0,10424,10307,0,9239,1068,1066,0.0,0.0,1.008767182595519,-1,0.0,0.900562851782364,1998.3076923076924,69288.07692307692,1010.9230769230769,938.5835,12.328330206378986,0.9483330927983835,-1,2
50,13,3600.0,1.0,0.0,10424,10308,0,9241,1067,1066,0.0,0.0,1.01028027269776,-1,0.0,0.9071294559099438,2962.6153846153848,98621.0,1016.2307692307693,827.5937,12.393058161350844,0.9533121662577572,-1,3
50,13,3600.0,0.9999029879705084,0.0,10424,10307,1,9240,1067,1066,0.0,0.0,1.0133116883116884,-1,0.0,0.9136960600375235,3753.076923076923,117761.69230769231,1020.3076923076923,785.1232,12.442776735459661,0.9571366719584355,-1,4
50,13,3600.0,0.9999030538051381,0.0,10424,10314,1,9246,1068,1066,0.0,0.0,1.0133030499675535,-1,0.0,0.9146341463414634,3931.6153846153848,122277.0,1021.7692307692307,766.1371,12.460600375234522,0.9585077211718863,-1,5
50,13,3600.0,0.9999030067895247,0.0,10424,10309,1,9241,1068,1066,0.0,0.0,1.0119034736500379,-1,0.0,0.9155722326454033,3963.0,123509.92307692308,1022.6923076923077,753.7644,12.471857410881801,0.9593736469909078,-1,6
50,13,3600.0,1.0,0.0,10424,10312,0,9243,1069,1066,0.0,0.0,1.0142810775722169,-1,0.0,0.9174484052532833,3985.4615384615386,124023.69230769231,1023.0769230769231,747.8588,12.476547842401501,0.9597344494155001,-1,7
50,13,3600.0,1.0,0.0,10424,10303,0,9236,1067,1066,0.0,0.0,1.0158077089649198,-1,0.0,0.9165103189493433,3989.769230769231,124306.69230769231,1022.9230769230769,747.5517,12.47467166979362,0.9595901284456632,-1,8
50,13,3600.0,1.0,0.0,10424,10308,0,9240,1068,1066,0.0,0.0,1.0145021645021646,-1,0.0,0.9174484052532833,3992.0,124481.07692307692,1023.1538461538462,744.7693,12.477485928705441,0.9598066099004186,-1,9
50,13,3600.0,1.0,0.0,10424,10308,0,9240,1068,1066,0.0,0.0,1.0135281385281385,-1,0.0,0.9165103189493433,3996.0,124592.69230769231,1023.1538461538462,745.0099,12.477485928705441,0.9598066099004186,-1,10
50,13,3600.0,1.0,0.0,10424,10303,0,9235,1068,1066,0.0,0.0,1.01591770438549,-1,0.0,0.9165103189493433,3995.6153846153848,124647.30769230769,1023.0769230769231,745.0424,12.476547842401501,0.9597344494155001,-1,11
50,13,3600.0,0.9999029879705084,0.0,10424,10307,1,9238,1069,1066,0.0,0.0,1.0175362632604459,-1,0.0,0.9174484052532833,3996.923076923077,124703.23076923077,1023.6153846153846,745.0362,12.48311444652908,0.9602395728099293,-1,12
50,13,3600.0,1.0,0.0,10424,10305,0,9238,1067,1066,0.0,0.0,1.016778523489933,-1,0.0,0.9174484052532833,3998.6923076923076,124733.38461538461,1023.6153846153846,743.9890,12.48311444652908,0.9602395728099293,-1,13
50,13,3600.0,1.0,0.0,10424,10306,0,9237,1069,1066,0.0,0.0,1.0159142578759337,-1,0.0,0.9174484052532833,4001.0,124762.53846153847,1024.076923076923,743.5583,12.48874296435272,0.96067253571944,-1,14
50,13,3600.0,1.0,0.0,10424,10311,0,9243,1068,1066,0.0,0.0,1.0148220274802553,-1,0.0,0.9183864915572233,3998.076923076923,124755.76923076923,1023.3076923076923,745.9864,12.47936210131332,0.9599509308702554,-1,15